Game Turn, Player, Regional Strength, Enemy Strength, Other Strength, Current Explorers, Desired Explorers
227, 1, 0, 45, 0, 0:0, 1:1, NO_TECH
227, 2, 50, 0, 85, 1:0, 1:1, NO_TECH
227, 3, 0, 0, 45, 0:0, 3:1, TECH_FLIGHT
227, 4, 95, 0, 0, 0:0, 2:1, TECH_GUNPOWDER
227, 5, 0, 0, 0, 1:0, 1:1, TECH_METAL_CASTING
227, 6, 0, 0, 0, 0:0, 0:1, TECH_GUNPOWDER
227, 7, 155, 0, 50, 0:0, 0:1, NO_TECH
227, 8, 40, 96, 0, 0:0, 0:1, TECH_MILITARY_SCIENCE
227, 9, 45, 0, 0, 0:0, 0:1, NO_TECH
227, 11, 0, 0, 0, 0:0, 0:1, TECH_METAL_CASTING
227, 12, 45, 0, 0, 0:0, 0:1, TECH_BALLISTICS
227, 13, 130, 0, 0, 0:0, 0:1, NO_TECH
227, 14, 80, 0, 0, 0:0, 0:1, NO_TECH
228, 0, 153, 0, 0, 3:0, 2:1, TECH_METAL_CASTING
228, 1, 0, 45, 0, 0:0, 1:1, NO_TECH
228, 2, 50, 0, 85, 1:0, 1:1, NO_TECH
228, 3, 0, 0, 45, 0:0, 3:1, TECH_FLIGHT
228, 4, 95, 55, 0, 0:0, 2:1, TECH_GUNPOWDER
228, 5, 0, 0, 0, 1:0, 1:1, TECH_METAL_CASTING
228, 6, 0, 0, 0, 0:0, 0:1, TECH_GUNPOWDER
228, 7, 155, 0, 50, 0:0, 0:1, NO_TECH
228, 8, 40, 48, 0, 0:0, 0:1, TECH_MILITARY_SCIENCE
228, 9, 45, 0, 0, 0:0, 0:1, NO_TECH
228, 11, 45, 0, 0, 0:0, 0:1, TECH_METAL_CASTING
228, 12, 45, 0, 0, 0:0, 0:1, TECH_BALLISTICS
228, 13, 130, 0, 45, 0:0, 0:1, NO_TECH
228, 14, 0, 0, 0, 0:0, 0:1, NO_TECH
229, 0, 153, 0, 0, 3:0, 2:1, TECH_METAL_CASTING
229, 1, 0, 45, 0, 0:0, 1:1, NO_TECH
229, 2, 50, 0, 85, 1:0, 1:1, NO_TECH
229, 3, 0, 0, 45, 0:0, 3:1, TECH_FLIGHT
229, 4, 95, 55, 0, 0:0, 2:1, TECH_GUNPOWDER
229, 5, 0, 0, 45, 1:0, 1:1, TECH_MILITARY_SCIENCE
229, 6, 0, 0, 0, 0:0, 0:1, TECH_GUNPOWDER
229, 7, 140, 0, 50, 0:0, 0:1, NO_TECH
229, 8, 40, 48, 0, 0:0, 0:1, TECH_MILITARY_SCIENCE
229, 9, 45, 0, 0, 0:0, 0:1, NO_TECH
229, 11, 45, 0, 0, 0:0, 0:1, TECH_METAL_CASTING
229, 12, 0, 0, 0, 0:0, 0:1, NO_TECH
229, 13, 130, 0, 45, 0:0, 0:1, NO_TECH
229, 14, 45, 0, 0, 0:0, 0:1, NO_TECH
230, 0, 103, 0, 0, 3:0, 2:1, TECH_METAL_CASTING
230, 1, 0, 135, 0, 0:0, 1:1, TECH_STEEL
230, 2, 50, 0, 120, 1:0, 1:1, NO_TECH
230, 3, 0, 0, 45, 0:0, 3:1, TECH_FLIGHT
230, 4, 95, 55, 0, 0:0, 2:1, TECH_GUNPOWDER
230, 5, 0, 0, 45, 1:0, 1:1, TECH_MILITARY_SCIENCE
230, 6, 0, 0, 0, 0:0, 0:1, TECH_GUNPOWDER
230, 7, 140, 0, 50, 0:0, 0:1, NO_TECH
230, 8, 40, 48, 0, 0:0, 0:1, TECH_MILITARY_SCIENCE
230, 9, 45, 0, 0, 0:0, 0:1, NO_TECH
230, 11, 0, 0, 0, 0:0, 0:1, TECH_METAL_CASTING
230, 12, 0, 0, 0, 0:0, 0:1, NO_TECH
230, 13, 130, 0, 45, 0:0, 0:1, NO_TECH
230, 14, 0, 0, 0, 0:0, 0:1, NO_TECH
231, 0, 103, 0, 0, 3:0, 2:1, TECH_METAL_CASTING
231, 1, 0, 90, 0, 0:0, 1:1, TECH_STEEL
231, 2, 50, 0, 130, 1:0, 1:1, NO_TECH
231, 3, 0, 0, 45, 0:0, 3:1, TECH_FLIGHT
231, 4, 95, 0, 0, 1:0, 2:1, TECH_GUNPOWDER
231, 5, 0, 0, 0, 1:0, 1:1, TECH_MILITARY_SCIENCE
231, 6, 0, 0, 0, 0:0, 0:1, TECH_MILITARY_SCIENCE
231, 7, 140, 0, 50, 0:0, 0:1, NO_TECH
231, 8, 40, 0, 0, 0:0, 0:1, TECH_MILITARY_SCIENCE
231, 9, 45, 0, 0, 0:0, 0:1, NO_TECH
231, 11, 45, 0, 0, 0:0, 0:1, TECH_METAL_CASTING
231, 12, 85, 0, 0, 0:0, 0:1, NO_TECH
231, 13, 130, 0, 45, 0:0, 0:1, NO_TECH
231, 14, 0, 0, 0, 0:0, 0:1, NO_TECH
232, 0, 103, 0, 0, 3:0, 2:1, TECH_METAL_CASTING
232, 1, 0, 90, 0, 0:0, 1:1, TECH_STEEL
232, 2, 50, 0, 130, 1:0, 1:1, NO_TECH
232, 3, 0, 0, 45, 0:0, 3:1, TECH_FLIGHT
232, 4, 95, 0, 0, 0:0, 2:1, TECH_GUNPOWDER
232, 5, 0, 0, 45, 1:0, 1:1, TECH_MILITARY_SCIENCE
232, 6, 0, 0, 0, 0:0, 0:1, TECH_MILITARY_SCIENCE
232, 7, 95, 0, 0, 0:0, 0:1, NO_TECH
232, 8, 40, 0, 0, 0:0, 0:1, TECH_MILITARY_SCIENCE
232, 9, 45, 0, 0, 0:0, 0:1, NO_TECH
232, 11, 45, 0, 0, 0:0, 0:1, TECH_METAL_CASTING
232, 12, 85, 0, 0, 0:0, 0:1, NO_TECH
232, 13, 130, 0, 0, 0:0, 0:1, NO_TECH
232, 14, 90, 0, 0, 0:0, 0:1, NO_TECH
233, 0, 103, 0, 0, 3:0, 2:1, TECH_METAL_CASTING
233, 1, 0, 90, 0, 0:0, 1:1, TECH_STEEL
233, 2, 50, 0, 130, 1:0, 1:1, NO_TECH
233, 3, 0, 0, 45, 0:0, 3:1, TECH_FLIGHT
233, 4, 95, 55, 0, 0:0, 1:1, TECH_GUNPOWDER
233, 5, 50, 55, 45, 1:0, 1:1, TECH_MILITARY_SCIENCE
233, 6, 0, 0, 0, 0:0, 0:1, TECH_MILITARY_SCIENCE
233, 7, 95, 0, 0, 0:0, 0:1, NO_TECH
233, 8, 40, 48, 0, 0:0, 0:1, TECH_MILITARY_SCIENCE
233, 9, 45, 0, 0, 0:0, 0:1, NO_TECH
233, 11, 45, 0, 0, 0:0, 0:1, TECH_METAL_CASTING
233, 12, 40, 0, 0, 0:0, 0:1, NO_TECH
233, 13, 130, 0, 0, 0:0, 0:1, NO_TECH
233, 14, 90, 0, 0, 0:0, 0:1, NO_TECH
234, 0, 103, 0, 0, 3:0, 2:1, TECH_METAL_CASTING
234, 1, 0, 90, 0, 0:0, 1:1, TECH_STEEL
234, 2, 50, 0, 130, 1:0, 1:1, TECH_STEEL
234, 3, 0, 0, 90, 0:0, 3:1, TECH_FLIGHT
234, 4, 95, 100, 0, 0:0, 1:1, TECH_GUNPOWDER
234, 5, 95, 55, 45, 1:0, 1:1, TECH_MILITARY_SCIENCE
234, 6, 0, 0, 0, 0:0, 0:1, TECH_MILITARY_SCIENCE
234, 7, 95, 0, 0, 0:0, 0:1, NO_TECH
234, 8, 40, 48, 0, 0:0, 0:1, TECH_MILITARY_SCIENCE
234, 9, 45, 0, 0, 0:0, 0:1, NO_TECH
234, 11, 45, 0, 0, 0:0, 0:1, TECH_METAL_CASTING
234, 12, 40, 0, 0, 0:0, 0:1, NO_TECH
234, 13, 130, 0, 0, 0:0, 0:1, TECH_METAL_CASTING
234, 14, 90, 0, 0, 0:0, 0:1, NO_TECH
235, 0, 158, 0, 0, 4:0, 2:1, TECH_METAL_CASTING
235, 1, 0, 45, 0, 0:0, 1:1, TECH_STEEL
235, 2, 50, 0, 130, 1:0, 1:1, TECH_STEEL
235, 3, 0, 0, 90, 0:0, 3:1, TECH_FLIGHT
235, 4, 95, 100, 0, 0:0, 2:1, TECH_GUNPOWDER
235, 5, 50, 110, 45, 1:0, 1:1, TECH_MILITARY_SCIENCE
235, 6, 0, 0, 0, 0:0, 0:1, TECH_MILITARY_SCIENCE
235, 7, 95, 40, 50, 0:0, 0:1, TECH_MILITARY_SCIENCE
235, 8, 40, 48, 0, 0:0, 0:1, TECH_MILITARY_SCIENCE
235, 9, 45, 0, 0, 0:0, 0:1, NO_TECH
235, 11, 45, 0, 0, 0:0, 0:1, TECH_METAL_CASTING
235, 12, 40, 0, 0, 0:0, 0:1, NO_TECH
235, 13, 130, 0, 0, 0:0, 0:1, TECH_METAL_CASTING
235, 14, 125, 0, 0, 0:0, 0:1, NO_TECH
236, 0, 158, 0, 0, 4:0, 2:1, TECH_METAL_CASTING
236, 1, 0, 100, 0, 0:0, 1:1, TECH_STEEL
236, 2, 50, 110, 130, 0:0, 1:1, TECH_STEEL
236, 3, 0, 0, 85, 0:0, 3:1, TECH_FLIGHT
236, 4, 95, 45, 0, 0:0, 2:1, TECH_GUNPOWDER
236, 5, 50, 110, 45, 1:0, 1:1, TECH_MILITARY_SCIENCE
236, 6, 0, 0, 0, 0:0, 0:1, TECH_MILITARY_SCIENCE
236, 7, 95, 40, 50, 0:0, 0:1, TECH_MILITARY_SCIENCE
236, 8, 40, 48, 0, 0:0, 0:1, TECH_MILITARY_SCIENCE
236, 9, 45, 0, 0, 0:0, 0:1, NO_TECH
236, 11, 45, 40, 0, 0:0, 0:1, TECH_METAL_CASTING
236, 12, 40, 0, 0, 0:0, 0:1, NO_TECH
236, 13, 125, 0, 0, 0:0, 0:1, TECH_BALLISTICS
236, 14, 125, 0, 0, 0:0, 0:1, NO_TECH
237, 0, 158, 0, 0, 4:0, 2:1, TECH_METAL_CASTING
237, 1, 0, 155, 0, 0:0, 1:1, TECH_STEEL
237, 2, 0, 110, 130, 0:0, 1:1, TECH_STEEL
237, 3, 0, 0, 85, 0:0, 3:1, TECH_FLIGHT
237, 4, 95, 0, 0, 0:0, 2:1, TECH_GUNPOWDER
237, 5, 50, 110, 45, 1:0, 1:1, TECH_MILITARY_SCIENCE
237, 6, 0, 0, 0, 0:0, 0:1, TECH_MILITARY_SCIENCE
237, 7, 95, 40, 0, 0:0, 0:1, TECH_MILITARY_SCIENCE
237, 8, 40, 48, 0, 0:0, 0:1, TECH_MILITARY_SCIENCE
237, 9, 45, 0, 0, 0:0, 0:1, NO_TECH
237, 11, 45, 85, 0, 0:0, 0:1, TECH_METAL_CASTING
237, 12, 40, 0, 0, 0:0, 0:1, NO_TECH
237, 13, 125, 0, 0, 0:0, 0:1, TECH_BALLISTICS
237, 14, 125, 0, 0, 0:0, 0:1, NO_TECH
238, 0, 158, 40, 0, 4:0, 2:1, TECH_METAL_CASTING
238, 1, 0, 155, 0, 0:0, 1:1, TECH_STEEL
238, 2, 0, 110, 130, 0:0, 1:1, TECH_STEEL
238, 3, 0, 0, 90, 0:0, 3:1, TECH_FLIGHT
238, 4, 95, 0, 0, 0:0, 1:1, TECH_GUNPOWDER
238, 5, 50, 110, 45, 1:0, 1:1, TECH_MILITARY_SCIENCE
238, 6, 0, 0, 0, 0:0, 0:1, TECH_MILITARY_SCIENCE
238, 7, 95, 40, 0, 0:0, 0:1, TECH_MILITARY_SCIENCE
238, 8, 40, 48, 0, 0:0, 0:1, TECH_MILITARY_SCIENCE
238, 9, 45, 0, 0, 0:0, 0:1, NO_TECH
238, 11, 45, 85, 0, 0:0, 0:1, TECH_METAL_CASTING
238, 12, 40, 0, 0, 0:0, 0:1, NO_TECH
238, 13, 125, 0, 0, 0:0, 0:1, TECH_BALLISTICS
238, 14, 125, 0, 0, 0:0, 0:1, NO_TECH
239, 0, 158, 40, 0, 3:0, 2:1, TECH_METAL_CASTING
239, 1, 0, 100, 0, 0:0, 1:1, TECH_STEEL
239, 2, 0, 0, 130, 0:0, 1:1, TECH_STEEL
239, 3, 0, 0, 90, 0:0, 3:1, TECH_FLIGHT
239, 4, 95, 0, 0, 0:0, 1:1, TECH_GUNPOWDER
239, 5, 50, 85, 45, 1:0, 1:1, TECH_MILITARY_SCIENCE
239, 6, 0, 0, 0, 0:0, 0:1, TECH_MILITARY_SCIENCE
239, 7, 95, 40, 0, 0:0, 0:1, TECH_MILITARY_SCIENCE
239, 8, 40, 48, 0, 0:0, 0:1, TECH_MILITARY_SCIENCE
239, 9, 45, 0, 0, 0:0, 0:1, NO_TECH
239, 11, 45, 85, 0, 0:0, 0:1, TECH_METAL_CASTING
239, 12, 40, 0, 0, 0:0, 0:1, NO_TECH
239, 13, 125, 0, 0, 0:0, 0:1, TECH_MILITARY_SCIENCE
239, 14, 125, 0, 0, 0:0, 0:1, NO_TECH
240, 0, 158, 40, 0, 3:0, 2:1, TECH_METAL_CASTING
240, 1, 0, 103, 50, 0:0, 1:1, TECH_STEEL
240, 2, 0, 0, 130, 0:0, 1:1, TECH_CHEMISTRY
240, 3, 0, 0, 90, 0:0, 3:1, TECH_FLIGHT
240, 4, 95, 55, 0, 0:0, 1:1, TECH_GUNPOWDER
240, 5, 95, 85, 45, 0:0, 1:1, TECH_MILITARY_SCIENCE
240, 6, 40, 0, 0, 0:0, 0:1, TECH_MILITARY_SCIENCE
240, 7, 95, 40, 0, 0:0, 0:1, TECH_MILITARY_SCIENCE
240, 8, 0, 48, 0, 0:0, 0:1, TECH_MILITARY_SCIENCE
240, 9, 45, 0, 0, 0:0, 0:1, NO_TECH
240, 11, 45, 85, 0, 0:0, 0:1, TECH_METAL_CASTING
240, 12, 40, 0, 0, 0:0, 0:1, NO_TECH
240, 13, 125, 0, 0, 0:0, 0:1, TECH_MILITARY_SCIENCE
240, 14, 80, 0, 0, 0:0, 0:1, NO_TECH
241, 0, 158, 40, 0, 3:0, 2:1, TECH_METAL_CASTING
241, 1, 0, 103, 50, 0:0, 1:1, TECH_STEEL
241, 2, 0, 35, 125, 0:0, 1:1, TECH_CHEMISTRY
241, 3, 0, 0, 90, 0:0, 3:1, TECH_FLIGHT
241, 4, 95, 55, 40, 0:0, 1:1, TECH_METAL_CASTING
241, 5, 95, 85, 45, 1:0, 1:1, TECH_MILITARY_SCIENCE
241, 6, 40, 0, 0, 0:0, 0:1, TECH_MILITARY_SCIENCE
241, 7, 95, 40, 0, 0:0, 0:1, TECH_MILITARY_SCIENCE
241, 8, 40, 103, 0, 0:0, 0:1, TECH_MILITARY_SCIENCE
241, 9, 45, 0, 45, 0:0, 0:1, NO_TECH
241, 11, 45, 85, 0, 0:0, 0:1, TECH_METAL_CASTING
241, 12, 40, 0, 0, 0:0, 0:1, NO_TECH
241, 13, 125, 0, 0, 0:0, 0:1, TECH_MILITARY_SCIENCE
241, 14, 80, 55, 0, 0:0, 0:1, TECH_METAL_CASTING
242, 0, 213, 40, 0, 3:0, 2:1, TECH_METAL_CASTING
242, 1, 0, 103, 95, 0:0, 1:1, TECH_STEEL
242, 2, 0, 35, 125, 0:0, 1:1, TECH_CHEMISTRY
242, 3, 0, 55, 45, 0:0, 3:1, TECH_FLIGHT
242, 4, 150, 55, 40, 1:0, 1:1, TECH_METAL_CASTING
242, 5, 145, 55, 85, 1:0, 1:1, TECH_MILITARY_SCIENCE
242, 6, 40, 0, 0, 0:0, 0:1, TECH_MILITARY_SCIENCE
242, 7, 95, 0, 0, 0:0, 0:1, TECH_MILITARY_SCIENCE
242, 8, 40, 55, 0, 0:0, 0:1, TECH_MILITARY_SCIENCE
242, 9, 45, 0, 80, 0:0, 0:1, NO_TECH
242, 11, 45, 0, 85, 0:0, 0:1, TECH_METAL_CASTING
242, 12, 0, 0, 0, 0:0, 0:1, NO_TECH
242, 13, 125, 0, 0, 0:0, 0:1, NO_TECH
242, 14, 80, 55, 45, 0:0, 0:1, TECH_METAL_CASTING
243, 0, 213, 0, 0, 3:0, 2:1, TECH_METAL_CASTING
243, 1, 0, 55, 95, 0:0, 1:1, TECH_STEEL
243, 2, 0, 35, 125, 0:0, 1:1, TECH_CHEMISTRY
243, 3, 0, 55, 80, 0:0, 3:1, TECH_FLIGHT
243, 4, 150, 0, 40, 1:0, 1:1, TECH_METAL_CASTING
243, 5, 100, 0, 85, 1:0, 1:1, TECH_MILITARY_SCIENCE
243, 6, 40, 0, 0, 0:0, 0:1, TECH_MILITARY_SCIENCE
243, 7, 95, 0, 0, 0:0, 0:1, TECH_MILITARY_SCIENCE
243, 8, 40, 55, 0, 0:0, 0:1, TECH_MILITARY_SCIENCE
243, 9, 45, 0, 80, 0:0, 0:1, NO_TECH
243, 11, 35, 0, 85, 0:0, 0:1, TECH_METAL_CASTING
243, 12, 0, 0, 0, 0:0, 0:1, NO_TECH
243, 13, 125, 0, 0, 0:0, 0:1, NO_TECH
243, 14, 80, 55, 45, 0:0, 0:1, TECH_METAL_CASTING
244, 0, 213, 0, 0, 3:0, 3:1, TECH_METAL_CASTING
244, 1, 0, 55, 95, 0:0, 1:1, TECH_STEEL
244, 2, 0, 35, 125, 0:0, 1:1, TECH_CHEMISTRY
244, 3, 0, 55, 80, 0:0, 3:1, TECH_FLIGHT
244, 4, 150, 0, 40, 1:0, 1:1, TECH_METAL_CASTING
244, 5, 100, 0, 85, 0:0, 1:1, TECH_MILITARY_SCIENCE
244, 6, 40, 0, 0, 0:0, 0:1, TECH_MILITARY_SCIENCE
244, 7, 95, 0, 0, 0:0, 0:1, TECH_MILITARY_SCIENCE
244, 8, 40, 55, 0, 0:0, 0:1, TECH_MILITARY_SCIENCE
244, 9, 45, 0, 80, 0:0, 0:1, NO_TECH
244, 11, 35, 0, 45, 0:0, 0:1, TECH_METAL_CASTING
244, 12, 0, 0, 0, 0:0, 0:1, NO_TECH
244, 13, 125, 0, 0, 0:0, 0:1, NO_TECH
244, 14, 80, 0, 45, 0:0, 0:1, TECH_METAL_CASTING
245, 0, 165, 0, 0, 3:0, 3:1, TECH_METAL_CASTING
245, 1, 0, 110, 95, 0:0, 1:1, TECH_STEEL
245, 2, 0, 35, 125, 0:0, 1:1, TECH_CHEMISTRY
245, 3, 0, 55, 80, 0:0, 3:1, TECH_FLIGHT
245, 4, 150, 55, 40, 1:0, 1:1, TECH_METAL_CASTING
245, 5, 100, 0, 85, 0:0, 1:1, TECH_MILITARY_SCIENCE
245, 6, 40, 0, 0, 0:0, 0:1, TECH_MILITARY_SCIENCE
245, 7, 95, 0, 0, 0:0, 0:1, TECH_MILITARY_SCIENCE
245, 8, 40, 55, 0, 0:0, 0:1, TECH_MILITARY_SCIENCE
245, 9, 45, 0, 80, 0:0, 0:1, NO_TECH
245, 11, 35, 0, 45, 0:0, 0:1, TECH_METAL_CASTING
245, 12, 40, 0, 0, 0:0, 0:1, NO_TECH
245, 13, 125, 0, 0, 0:0, 0:1, NO_TECH
245, 14, 80, 55, 45, 0:0, 0:1, TECH_METAL_CASTING
246, 0, 165, 0, 0, 3:0, 3:1, TECH_METAL_CASTING
246, 1, 0, 110, 0, 0:0, 1:1, TECH_STEEL
246, 2, 0, 35, 95, 0:0, 1:1, TECH_CHEMISTRY
246, 3, 0, 55, 80, 0:0, 3:1, TECH_FLIGHT
246, 4, 150, 55, 40, 1:0, 1:1, TECH_METAL_CASTING
246, 5, 100, 0, 85, 0:0, 1:1, TECH_MILITARY_SCIENCE
246, 6, 40, 0, 0, 0:0, 0:1, TECH_MILITARY_SCIENCE
246, 7, 95, 0, 0, 0:0, 0:1, TECH_MILITARY_SCIENCE
246, 8, 40, 55, 0, 0:0, 0:1, TECH_MILITARY_SCIENCE
246, 9, 45, 0, 80, 0:0, 0:1, NO_TECH
246, 11, 35, 0, 45, 0:0, 0:1, TECH_METAL_CASTING
246, 12, 40, 0, 0, 0:0, 0:1, NO_TECH
246, 13, 125, 0, 0, 0:0, 0:1, NO_TECH
246, 14, 125, 110, 45, 0:0, 0:1, TECH_METAL_CASTING
247, 0, 165, 0, 0, 2:0, 3:1, TECH_METAL_CASTING
247, 1, 0, 110, 0, 0:0, 1:1, TECH_STEEL
247, 2, 0, 35, 95, 0:0, 1:1, TECH_CHEMISTRY
247, 3, 0, 55, 45, 0:0, 3:1, TECH_CHEMISTRY
247, 4, 150, 55, 40, 1:0, 1:1, TECH_METAL_CASTING
247, 5, 100, 0, 85, 0:0, 1:1, TECH_MILITARY_SCIENCE
247, 6, 40, 0, 0, 0:0, 0:1, TECH_MILITARY_SCIENCE
247, 7, 95, 0, 0, 0:0, 0:1, TECH_MILITARY_SCIENCE
247, 8, 40, 110, 0, 0:0, 0:1, TECH_MILITARY_SCIENCE
247, 9, 45, 0, 45, 0:0, 0:1, NO_TECH
247, 11, 80, 0, 90, 0:0, 0:1, TECH_METAL_CASTING
247, 12, 0, 0, 0, 0:0, 0:1, NO_TECH
247, 13, 125, 0, 35, 0:0, 0:1, NO_TECH
247, 14, 125, 110, 0, 0:0, 0:1, TECH_METAL_CASTING
248, 0, 165, 0, 0, 1:0, 3:1, TECH_METAL_CASTING
248, 1, 0, 0, 0, 0:0, 1:1, TECH_STEEL
248, 2, 80, 35, 95, 0:0, 1:1, TECH_CHEMISTRY
248, 3, 0, 55, 45, 0:0, 3:1, TECH_CHEMISTRY
248, 4, 150, 55, 40, 0:0, 1:1, TECH_METAL_CASTING
248, 5, 100, 0, 90, 0:0, 1:1, TECH_MILITARY_SCIENCE
248, 6, 40, 0, 0, 0:0, 0:1, TECH_MILITARY_SCIENCE
248, 7, 95, 0, 0, 0:0, 0:1, TECH_MILITARY_SCIENCE
248, 8, 40, 110, 0, 0:0, 0:1, TECH_MILITARY_SCIENCE
248, 9, 45, 0, 90, 0:0, 0:1, NO_TECH
248, 11, 35, 0, 90, 0:0, 0:1, TECH_MILITARY_SCIENCE
248, 12, 40, 0, 0, 0:0, 0:1, NO_TECH
248, 13, 125, 0, 35, 0:0, 0:1, NO_TECH
248, 14, 125, 55, 45, 0:0, 0:1, TECH_MILITARY_SCIENCE
249, 0, 110, 0, 0, 0:0, 3:1, TECH_METAL_CASTING
249, 1, 0, 0, 0, 0:0, 1:1, TECH_STEEL
249, 2, 80, 35, 55, 0:0, 1:1, TECH_CHEMISTRY
249, 3, 0, 55, 90, 0:0, 3:1, TECH_CHEMISTRY
249, 4, 150, 55, 40, 0:0, 1:1, TECH_METAL_CASTING
249, 5, 100, 0, 90, 0:0, 1:1, TECH_MILITARY_SCIENCE
249, 6, 40, 0, 0, 0:0, 0:1, TECH_MILITARY_SCIENCE
249, 7, 95, 40, 0, 0:0, 0:1, TECH_MILITARY_SCIENCE
249, 8, 40, 55, 0, 0:0, 0:1, TECH_MILITARY_SCIENCE
249, 9, 45, 0, 90, 0:0, 0:1, NO_TECH
249, 11, 80, 0, 90, 0:0, 0:1, TECH_MILITARY_SCIENCE
249, 12, 0, 0, 0, 0:0, 0:1, NO_TECH
249, 13, 125, 0, 35, 0:0, 0:1, NO_TECH
249, 14, 125, 55, 45, 0:0, 0:1, TECH_MILITARY_SCIENCE
250, 0, 55, 0, 0, 0:0, 3:1, TECH_METAL_CASTING
250, 1, 0, 0, 0, 0:0, 1:1, TECH_STEEL
250, 2, 80, 35, 55, 0:0, 1:1, TECH_CHEMISTRY
250, 3, 0, 55, 90, 0:0, 3:1, TECH_CHEMISTRY
250, 4, 150, 55, 40, 0:0, 1:1, TECH_METAL_CASTING
250, 5, 100, 0, 90, 1:0, 1:1, TECH_MILITARY_SCIENCE
250, 6, 40, 0, 0, 0:0, 0:1, TECH_MILITARY_SCIENCE
250, 7, 95, 40, 0, 0:0, 0:1, TECH_MILITARY_SCIENCE
250, 8, 40, 55, 0, 0:0, 0:1, TECH_MILITARY_SCIENCE
250, 9, 45, 0, 90, 0:0, 0:1, NO_TECH
250, 11, 80, 0, 90, 0:0, 0:1, TECH_MILITARY_SCIENCE
250, 12, 0, 0, 0, 0:0, 0:1, NO_TECH
250, 13, 125, 0, 80, 0:0, 0:1, NO_TECH
250, 14, 125, 55, 45, 0:0, 0:1, TECH_MILITARY_SCIENCE
251, 0, 0, 0, 0, 0:0, 3:1, TECH_METAL_CASTING
251, 1, 0, 0, 0, 0:0, 1:1, TECH_COMBUSTION
251, 2, 80, 35, 55, 0:0, 1:1, TECH_REPLACEABLE_PARTS
251, 3, 0, 55, 90, 0:0, 3:1, TECH_CHEMISTRY
251, 4, 150, 110, 40, 0:0, 1:1, TECH_METAL_CASTING
251, 5, 150, 0, 90, 1:0, 1:1, TECH_MILITARY_SCIENCE
251, 6, 40, 0, 0, 0:0, 0:1, TECH_MILITARY_SCIENCE
251, 7, 95, 40, 0, 0:0, 0:1, TECH_MILITARY_SCIENCE
251, 8, 40, 0, 0, 0:0, 0:1, TECH_MILITARY_SCIENCE
251, 9, 45, 0, 90, 0:0, 0:1, NO_TECH
251, 11, 35, 0, 90, 0:0, 0:1, TECH_MILITARY_SCIENCE
251, 12, 0, 0, 0, 0:0, 0:1, NO_TECH
251, 13, 125, 0, 50, 0:0, 0:1, NO_TECH
251, 14, 125, 110, 0, 0:0, 0:1, TECH_MILITARY_SCIENCE
252, 0, 0, 0, 0, 0:0, 3:1, TECH_METAL_CASTING
252, 1, 0, 0, 0, 0:0, 1:1, TECH_COMBUSTION
252, 2, 80, 40, 45, 0:0, 1:1, TECH_REPLACEABLE_PARTS
252, 3, 0, 55, 45, 0:0, 3:1, TECH_CHEMISTRY
252, 4, 150, 110, 40, 0:0, 1:1, TECH_METAL_CASTING
252, 5, 150, 0, 90, 1:0, 1:1, TECH_MILITARY_SCIENCE
252, 6, 40, 0, 0, 0:0, 0:1, TECH_MILITARY_SCIENCE
252, 7, 95, 40, 0, 0:0, 0:1, TECH_MILITARY_SCIENCE
252, 8, 40, 0, 0, 0:0, 0:1, NO_TECH
252, 9, 45, 0, 45, 0:0, 0:1, NO_TECH
252, 11, 80, 0, 90, 0:0, 0:1, TECH_MILITARY_SCIENCE
252, 12, 0, 0, 0, 0:0, 0:1, NO_TECH
252, 13, 125, 0, 80, 0:0, 0:1, NO_TECH
252, 14, 125, 110, 0, 0:0, 0:1, TECH_BALLISTICS
253, 0, 50, 0, 0, 0:0, 3:1, TECH_METAL_CASTING
253, 1, 0, 0, 0, 0:0, 1:1, TECH_COMBUSTION
253, 2, 80, 40, 45, 0:0, 1:1, TECH_REPLACEABLE_PARTS
253, 3, 0, 55, 45, 0:0, 3:1, TECH_CHEMISTRY
253, 4, 150, 55, 40, 1:0, 1:1, TECH_METAL_CASTING
253, 5, 150, 0, 90, 1:0, 1:1, TECH_MILITARY_SCIENCE
253, 6, 40, 0, 0, 0:0, 0:1, TECH_MILITARY_SCIENCE
253, 7, 95, 40, 0, 0:0, 0:1, TECH_MILITARY_SCIENCE
253, 8, 40, 0, 0, 0:0, 0:1, NO_TECH
253, 9, 45, 0, 45, 0:0, 0:1, NO_TECH
253, 11, 80, 0, 90, 0:0, 0:1, TECH_MILITARY_SCIENCE
253, 12, 0, 0, 0, 0:0, 0:1, NO_TECH
253, 13, 125, 0, 80, 0:0, 0:1, NO_TECH
253, 14, 125, 110, 0, 0:0, 0:1, TECH_BALLISTICS
254, 0, 50, 0, 0, 0:0, 3:1, TECH_METAL_CASTING
254, 1, 0, 0, 0, 0:0, 1:1, TECH_COMBUSTION
254, 2, 80, 40, 45, 0:0, 1:1, NO_TECH
254, 3, 0, 55, 45, 0:0, 3:1, TECH_CHEMISTRY
254, 4, 150, 55, 40, 0:0, 1:1, TECH_METAL_CASTING
254, 5, 150, 0, 80, 1:0, 1:1, TECH_MILITARY_SCIENCE
254, 6, 40, 0, 0, 0:0, 0:1, NO_TECH
254, 7, 95, 40, 0, 0:0, 0:1, TECH_MILITARY_SCIENCE
254, 8, 0, 0, 0, 0:0, 0:1, NO_TECH
254, 9, 45, 0, 45, 0:0, 0:1, NO_TECH
254, 11, 80, 0, 50, 0:0, 0:1, TECH_MILITARY_SCIENCE
254, 12, 0, 0, 0, 0:0, 0:1, NO_TECH
254, 13, 125, 0, 80, 0:0, 0:1, NO_TECH
254, 14, 90, 55, 45, 0:0, 0:1, TECH_BALLISTICS
255, 0, 100, 0, 0, 0:0, 3:1, TECH_METAL_CASTING
255, 1, 0, 0, 0, 0:0, 1:1, TECH_COMBUSTION
255, 2, 80, 45, 45, 0:0, 1:1, NO_TECH
255, 3, 0, 55, 90, 0:0, 3:1, TECH_CHEMISTRY
255, 4, 150, 110, 40, 0:0, 1:1, TECH_METAL_CASTING
255, 5, 100, 0, 80, 1:0, 1:1, TECH_MILITARY_SCIENCE
255, 6, 40, 0, 0, 0:0, 0:1, NO_TECH
255, 7, 95, 40, 0, 0:0, 0:1, TECH_MILITARY_SCIENCE
255, 8, 0, 0, 0, 0:0, 0:1, NO_TECH
255, 9, 45, 0, 45, 0:0, 0:1, NO_TECH
255, 11, 80, 0, 50, 0:0, 0:1, TECH_MILITARY_SCIENCE
255, 12, 0, 0, 0, 0:0, 0:1, NO_TECH
255, 13, 125, 0, 80, 0:0, 0:1, NO_TECH
255, 14, 90, 0, 45, 0:0, 0:1, TECH_BALLISTICS
256, 0, 100, 0, 0, 0:0, 3:1, TECH_METAL_CASTING
256, 1, 0, 0, 0, 0:0, 1:1, TECH_COMBUSTION
256, 2, 80, 50, 90, 0:0, 1:1, NO_TECH
256, 3, 0, 55, 90, 0:0, 3:1, TECH_CHEMISTRY
256, 4, 150, 110, 40, 0:0, 1:1, TECH_METAL_CASTING
256, 5, 150, 0, 80, 1:0, 1:1, TECH_MILITARY_SCIENCE
256, 6, 70, 0, 0, 0:0, 0:1, NO_TECH
256, 7, 95, 40, 0, 0:0, 0:1, TECH_MILITARY_SCIENCE
256, 8, 0, 0, 0, 0:0, 0:1, NO_TECH
256, 9, 45, 0, 45, 0:0, 0:1, NO_TECH
256, 11, 80, 0, 50, 0:0, 0:1, TECH_MILITARY_SCIENCE
256, 12, 0, 0, 0, 0:0, 0:1, NO_TECH
256, 13, 125, 0, 80, 0:0, 0:1, NO_TECH
256, 14, 90, 0, 45, 0:0, 0:1, TECH_BALLISTICS
257, 0, 100, 0, 0, 0:0, 3:1, NO_TECH
257, 1, 0, 0, 0, 0:0, 1:1, TECH_COMBUSTION
257, 2, 160, 50, 55, 0:0, 1:1, NO_TECH
257, 3, 0, 0, 90, 0:0, 3:1, TECH_CHEMISTRY
257, 4, 150, 55, 40, 1:0, 1:1, TECH_METAL_CASTING
257, 5, 150, 0, 80, 1:0, 1:1, TECH_MILITARY_SCIENCE
257, 6, 95, 0, 0, 0:0, 0:1, NO_TECH
257, 7, 95, 40, 0, 0:0, 0:1, TECH_MILITARY_SCIENCE
257, 8, 0, 0, 0, 0:0, 0:1, NO_TECH
257, 9, 45, 0, 45, 0:0, 0:1, NO_TECH
257, 11, 125, 0, 50, 0:0, 0:1, TECH_MILITARY_SCIENCE
257, 12, 0, 0, 0, 0:0, 0:1, NO_TECH
257, 13, 125, 0, 80, 0:0, 0:1, NO_TECH
257, 14, 90, 55, 0, 0:0, 0:1, TECH_BALLISTICS
258, 0, 100, 0, 0, 0:0, 3:1, NO_TECH
258, 1, 0, 45, 0, 0:0, 1:1, TECH_COMBUSTION
258, 2, 80, 50, 90, 0:0, 1:1, NO_TECH
258, 3, 0, 0, 90, 0:0, 3:1, TECH_CHEMISTRY
258, 4, 150, 0, 95, 1:0, 1:1, TECH_METAL_CASTING
258, 5, 150, 0, 125, 1:0, 1:1, TECH_REPLACEABLE_PARTS
258, 6, 95, 0, 0, 0:0, 0:1, NO_TECH
258, 7, 95, 40, 0, 0:0, 0:1, TECH_MILITARY_SCIENCE
258, 8, 0, 0, 0, 0:0, 0:1, NO_TECH
258, 9, 45, 0, 45, 0:0, 0:1, NO_TECH
258, 11, 125, 0, 40, 0:0, 0:1, TECH_BALLISTICS
258, 12, 40, 0, 0, 0:0, 0:1, NO_TECH
258, 13, 125, 0, 90, 0:0, 0:1, NO_TECH
258, 14, 90, 55, 0, 0:0, 0:1, TECH_BALLISTICS
259, 0, 100, 0, 0, 0:0, 3:1, NO_TECH
259, 1, 0, 45, 0, 0:0, 1:1, TECH_COMBUSTION
259, 2, 80, 50, 90, 0:0, 1:1, NO_TECH
259, 3, 0, 0, 90, 0:0, 3:1, TECH_CHEMISTRY
259, 4, 150, 0, 95, 1:0, 1:1, TECH_METAL_CASTING
259, 5, 200, 0, 125, 1:0, 1:1, TECH_REPLACEABLE_PARTS
259, 6, 95, 0, 0, 0:0, 0:1, NO_TECH
259, 7, 95, 80, 0, 0:0, 0:1, TECH_MILITARY_SCIENCE
259, 8, 0, 0, 0, 0:0, 0:1, NO_TECH
259, 9, 45, 0, 45, 0:0, 0:1, NO_TECH
259, 11, 80, 0, 40, 0:0, 0:1, NO_TECH
259, 12, 40, 0, 0, 0:0, 0:1, NO_TECH
259, 13, 125, 0, 45, 0:0, 0:1, NO_TECH
259, 14, 90, 55, 0, 0:0, 0:1, TECH_BALLISTICS
260, 0, 100, 0, 0, 1:0, 3:1, NO_TECH
260, 1, 0, 45, 0, 0:0, 1:1, NO_TECH
260, 2, 80, 50, 90, 0:0, 1:1, NO_TECH
260, 3, 0, 0, 90, 0:0, 3:1, TECH_CHEMISTRY
260, 4, 150, 0, 95, 1:0, 1:1, TECH_METAL_CASTING
260, 5, 150, 0, 45, 1:0, 1:1, TECH_REPLACEABLE_PARTS
260, 6, 40, 0, 0, 0:0, 0:1, NO_TECH
260, 7, 95, 80, 0, 0:0, 0:1, TECH_MILITARY_SCIENCE
260, 8, 45, 0, 0, 0:0, 0:1, NO_TECH
260, 9, 45, 0, 45, 0:0, 0:1, NO_TECH
260, 11, 45, 0, 40, 0:0, 0:1, NO_TECH
260, 12, 85, 0, 0, 0:0, 0:1, NO_TECH
260, 13, 125, 0, 45, 0:0, 0:1, NO_TECH
260, 14, 90, 55, 0, 0:0, 0:1, TECH_BALLISTICS
261, 0, 150, 0, 45, 1:0, 3:1, NO_TECH
261, 1, 0, 45, 95, 0:0, 1:1, NO_TECH
261, 2, 80, 100, 55, 0:0, 1:1, NO_TECH
261, 3, 0, 55, 90, 0:0, 3:1, TECH_CHEMISTRY
261, 4, 150, 0, 40, 1:0, 1:3, TECH_METAL_CASTING
261, 5, 200, 0, 45, 1:0, 1:1, TECH_REPLACEABLE_PARTS
261, 6, 40, 0, 0, 0:0, 0:1, NO_TECH
261, 7, 40, 80, 0, 0:0, 0:1, TECH_MILITARY_SCIENCE
261, 8, 45, 0, 0, 0:0, 0:1, NO_TECH
261, 9, 45, 0, 90, 0:0, 0:1, NO_TECH
261, 11, 45, 0, 50, 0:0, 0:1, NO_TECH
261, 12, 85, 0, 0, 0:0, 0:1, NO_TECH
261, 13, 125, 0, 45, 0:0, 0:1, NO_TECH
261, 14, 90, 0, 45, 0:0, 0:1, TECH_BALLISTICS
262, 0, 150, 0, 45, 1:0, 3:1, TECH_METAL_CASTING
262, 1, 0, 45, 95, 0:0, 1:3, NO_TECH
262, 2, 80, 100, 90, 0:0, 1:1, NO_TECH
262, 3, 0, 55, 90, 0:0, 3:1, TECH_CHEMISTRY
262, 4, 150, 0, 40, 1:0, 1:3, TECH_METAL_CASTING
262, 5, 200, 0, 80, 1:0, 1:1, TECH_REPLACEABLE_PARTS
262, 6, 40, 0, 0, 0:0, 0:1, NO_TECH
262, 7, 40, 0, 0, 0:0, 0:1, TECH_MILITARY_SCIENCE
262, 8, 45, 0, 0, 0:0, 0:1, NO_TECH
262, 9, 0, 0, 90, 0:0, 0:1, NO_TECH
262, 11, 85, 0, 100, 0:0, 0:1, NO_TECH
262, 12, 45, 0, 0, 0:0, 0:1, NO_TECH
262, 13, 125, 0, 85, 0:0, 0:1, NO_TECH
262, 14, 90, 0, 0, 0:0, 0:1, TECH_BALLISTICS
263, 0, 150, 0, 45, 1:0, 3:1, TECH_METAL_CASTING
263, 1, 0, 45, 95, 0:0, 1:3, NO_TECH
263, 2, 80, 100, 35, 0:0, 1:1, NO_TECH
263, 3, 0, 55, 90, 0:0, 3:1, TECH_CHEMISTRY
263, 4, 150, 0, 40, 1:0, 1:3, TECH_BALLISTICS
263, 5, 200, 0, 85, 1:0, 1:1, TECH_REPLACEABLE_PARTS
263, 6, 40, 0, 0, 0:0, 0:1, NO_TECH
263, 7, 95, 0, 0, 0:0, 0:1, TECH_MILITARY_SCIENCE
263, 8, 45, 0, 0, 0:0, 0:1, NO_TECH
263, 9, 45, 0, 90, 0:0, 0:1, NO_TECH
263, 11, 45, 0, 50, 0:0, 0:1, NO_TECH
263, 12, 0, 0, 0, 0:0, 0:1, NO_TECH
263, 13, 125, 0, 45, 0:0, 0:1, NO_TECH
263, 14, 90, 55, 45, 0:0, 0:1, TECH_BALLISTICS
264, 0, 150, 0, 45, 1:0, 3:1, TECH_METAL_CASTING
264, 1, 0, 50, 45, 0:0, 1:1, NO_TECH
264, 2, 80, 100, 35, 0:0, 1:1, NO_TECH
264, 3, 0, 55, 125, 0:0, 3:1, TECH_CHEMISTRY
264, 4, 150, 0, 40, 1:0, 1:3, TECH_BALLISTICS
264, 5, 200, 0, 45, 1:0, 1:1, TECH_REPLACEABLE_PARTS
264, 6, 40, 0, 0, 0:0, 0:1, NO_TECH
264, 7, 95, 40, 0, 0:0, 0:1, TECH_MILITARY_SCIENCE
264, 8, 45, 0, 50, 0:0, 0:1, NO_TECH
264, 9, 0, 0, 90, 0:0, 0:1, NO_TECH
264, 11, 85, 0, 50, 0:0, 0:1, NO_TECH
264, 12, 0, 0, 0, 0:0, 0:1, NO_TECH
264, 13, 125, 0, 85, 0:0, 0:1, NO_TECH
264, 14, 125, 55, 0, 0:0, 0:1, TECH_BALLISTICS
265, 0, 150, 0, 45, 1:0, 3:1, TECH_METAL_CASTING
265, 1, 0, 45, 50, 0:0, 1:1, NO_TECH
265, 2, 80, 100, 0, 0:0, 1:1, NO_TECH
265, 3, 0, 55, 125, 0:0, 3:1, TECH_CHEMISTRY
265, 4, 150, 0, 40, 1:0, 1:3, TECH_BALLISTICS
265, 5, 200, 0, 85, 1:0, 1:1, TECH_REPLACEABLE_PARTS
265, 6, 40, 0, 0, 0:0, 0:1, NO_TECH
265, 7, 95, 40, 0, 0:0, 0:1, TECH_MILITARY_SCIENCE
265, 8, 0, 0, 50, 0:0, 0:1, NO_TECH
265, 9, 45, 0, 125, 0:0, 0:1, NO_TECH
265, 11, 85, 0, 40, 0:0, 0:1, NO_TECH
265, 12, 0, 0, 0, 0:0, 0:1, NO_TECH
265, 13, 125, 0, 85, 0:0, 0:1, NO_TECH
265, 14, 125, 55, 45, 0:0, 0:1, TECH_BALLISTICS
266, 0, 150, 0, 0, 1:0, 3:1, TECH_METAL_CASTING
266, 1, 0, 45, 50, 0:0, 1:1, NO_TECH
266, 2, 80, 50, 45, 1:0, 1:1, NO_TECH
266, 3, 0, 55, 125, 0:0, 3:1, TECH_CHEMISTRY
266, 4, 150, 0, 40, 1:0, 1:3, TECH_BALLISTICS
266, 5, 200, 0, 85, 1:0, 1:1, TECH_REPLACEABLE_PARTS
266, 6, 40, 0, 0, 0:0, 0:1, NO_TECH
266, 7, 95, 40, 0, 0:0, 0:1, TECH_BALLISTICS
266, 8, 45, 0, 50, 0:0, 0:1, NO_TECH
266, 9, 45, 0, 125, 0:0, 0:1, NO_TECH
266, 11, 130, 0, 40, 0:0, 0:1, NO_TECH
266, 12, 0, 0, 0, 0:0, 0:1, NO_TECH
266, 13, 125, 0, 130, 0:0, 0:1, NO_TECH
266, 14, 125, 0, 45, 0:0, 0:1, TECH_BALLISTICS
267, 0, 150, 0, 45, 2:0, 3:1, TECH_METAL_CASTING
267, 1, 0, 0, 50, 0:0, 1:1, NO_TECH
267, 2, 160, 50, 45, 1:0, 1:1, NO_TECH
267, 3, 0, 55, 125, 0:0, 3:1, TECH_CHEMISTRY
267, 4, 150, 0, 40, 1:0, 1:3, TECH_BALLISTICS
267, 5, 200, 80, 130, 1:0, 1:1, TECH_REPLACEABLE_PARTS
267, 6, 40, 0, 0, 0:0, 0:1, NO_TECH
267, 7, 95, 40, 0, 0:0, 0:1, TECH_BALLISTICS
267, 8, 45, 0, 0, 0:0, 0:1, NO_TECH
267, 9, 45, 0, 35, 0:0, 0:1, NO_TECH
267, 11, 130, 0, 80, 0:0, 0:1, NO_TECH
267, 12, 0, 0, 0, 0:0, 0:1, NO_TECH
267, 13, 125, 0, 90, 0:0, 0:1, NO_TECH
267, 14, 125, 0, 45, 0:0, 0:1, TECH_BALLISTICS
268, 0, 150, 0, 45, 2:0, 3:1, TECH_METAL_CASTING
268, 1, 0, 0, 50, 0:0, 1:3, NO_TECH
268, 2, 160, 50, 45, 1:0, 1:1, NO_TECH
268, 3, 0, 55, 125, 0:0, 3:1, TECH_METAL_CASTING
268, 4, 150, 0, 50, 1:0, 1:3, TECH_BALLISTICS
268, 5, 200, 80, 130, 1:0, 1:1, TECH_REPLACEABLE_PARTS
268, 6, 40, 0, 0, 0:0, 0:1, NO_TECH
268, 7, 140, 40, 0, 0:0, 0:1, TECH_BALLISTICS
268, 8, 45, 0, 0, 0:0, 0:1, NO_TECH
268, 9, 45, 0, 125, 0:0, 0:1, NO_TECH
268, 11, 130, 0, 40, 0:0, 0:1, NO_TECH
268, 12, 0, 0, 0, 0:0, 0:1, NO_TECH
268, 13, 125, 0, 90, 0:0, 0:1, NO_TECH
268, 14, 125, 0, 45, 0:0, 0:1, TECH_BALLISTICS
269, 0, 150, 0, 45, 2:0, 3:1, TECH_METAL_CASTING
269, 1, 0, 0, 50, 0:0, 1:3, NO_TECH
269, 2, 160, 90, 35, 1:0, 1:1, TECH_ADVANCED_FLIGHT
269, 3, 0, 55, 125, 0:0, 3:1, TECH_METAL_CASTING
269, 4, 150, 0, 50, 1:0, 1:3, TECH_BALLISTICS
269, 5, 200, 80, 130, 1:0, 1:1, TECH_REPLACEABLE_PARTS
269, 6, 40, 0, 0, 0:0, 0:1, NO_TECH
269, 7, 185, 40, 0, 0:0, 0:1, TECH_BALLISTICS
269, 8, 0, 0, 0, 0:0, 0:1, NO_TECH
269, 9, 0, 0, 125, 0:0, 0:1, NO_TECH
269, 11, 90, 0, 80, 0:0, 0:1, NO_TECH
269, 12, 0, 0, 0, 0:0, 0:1, NO_TECH
269, 13, 125, 0, 90, 0:0, 0:1, NO_TECH
269, 14, 125, 0, 45, 0:0, 0:1, TECH_BALLISTICS
270, 0, 150, 0, 0, 3:0, 3:1, TECH_METAL_CASTING
270, 1, 0, 0, 100, 0:0, 1:3, NO_TECH
270, 2, 160, 100, 80, 1:0, 1:1, TECH_ADVANCED_FLIGHT
270, 3, 0, 110, 125, 0:0, 3:1, TECH_METAL_CASTING
270, 4, 150, 0, 50, 1:0, 1:3, TECH_BALLISTICS
270, 5, 150, 80, 90, 1:0, 1:1, TECH_REPLACEABLE_PARTS
270, 6, 40, 0, 0, 0:0, 0:1, NO_TECH
270, 7, 185, 40, 0, 0:0, 0:1, TECH_BALLISTICS
270, 8, 45, 0, 50, 0:0, 0:1, NO_TECH
270, 9, 45, 0, 125, 0:0, 0:1, NO_TECH
270, 11, 130, 0, 80, 0:0, 0:1, NO_TECH
270, 12, 0, 0, 0, 0:0, 0:1, NO_TECH
270, 13, 160, 0, 90, 0:0, 0:1, NO_TECH
270, 14, 125, 0, 45, 0:0, 0:1, TECH_BALLISTICS
271, 0, 205, 0, 45, 4:0, 3:1, TECH_METAL_CASTING
271, 1, 0, 0, 100, 0:0, 1:3, NO_TECH
271, 2, 160, 0, 125, 1:0, 1:1, NO_TECH
271, 3, 0, 110, 125, 0:0, 3:1, TECH_METAL_CASTING
271, 4, 150, 0, 50, 1:0, 1:3, TECH_BALLISTICS
271, 5, 150, 0, 130, 1:0, 1:1, TECH_REPLACEABLE_PARTS
271, 6, 40, 0, 0, 0:0, 0:1, NO_TECH
271, 7, 185, 40, 0, 0:0, 0:1, TECH_BALLISTICS
271, 8, 45, 0, 50, 0:0, 0:1, NO_TECH
271, 9, 45, 0, 125, 0:0, 0:1, NO_TECH
271, 11, 90, 0, 40, 0:0, 0:1, NO_TECH
271, 12, 0, 0, 0, 0:0, 0:1, NO_TECH
271, 13, 160, 0, 90, 0:0, 0:1, NO_TECH
271, 14, 125, 0, 45, 0:0, 0:1, TECH_BALLISTICS
272, 0, 205, 0, 45, 4:0, 3:1, TECH_METAL_CASTING
272, 1, 0, 0, 50, 0:0, 1:3, NO_TECH
272, 2, 160, 0, 100, 1:0, 1:1, NO_TECH
272, 3, 0, 110, 125, 0:0, 3:1, TECH_METAL_CASTING
272, 4, 150, 0, 40, 1:0, 1:3, TECH_BALLISTICS
272, 5, 150, 0, 90, 1:0, 1:1, TECH_REPLACEABLE_PARTS
272, 6, 40, 0, 0, 0:0, 0:1, NO_TECH
272, 7, 185, 135, 0, 0:0, 0:1, TECH_CHEMISTRY
272, 8, 45, 0, 100, 0:0, 0:1, NO_TECH
272, 9, 0, 0, 125, 0:0, 0:1, NO_TECH
272, 11, 130, 0, 40, 0:0, 0:1, NO_TECH
272, 12, 0, 0, 0, 0:0, 0:1, NO_TECH
272, 13, 160, 0, 90, 0:0, 0:1, NO_TECH
272, 14, 125, 0, 45, 0:0, 0:1, TECH_BALLISTICS
273, 0, 205, 0, 45, 4:0, 3:1, TECH_METAL_CASTING
273, 1, 0, 0, 50, 1:0, 1:3, NO_TECH
273, 2, 160, 0, 130, 1:0, 1:1, NO_TECH
273, 3, 0, 55, 125, 0:0, 3:1, TECH_METAL_CASTING
273, 4, 150, 0, 40, 1:0, 1:3, TECH_BALLISTICS
273, 5, 100, 0, 130, 1:0, 1:1, TECH_REPLACEABLE_PARTS
273, 6, 85, 0, 0, 0:0, 0:1, NO_TECH
273, 7, 185, 135, 0, 0:0, 0:1, TECH_CHEMISTRY
273, 8, 0, 0, 100, 0:0, 0:1, NO_TECH
273, 9, 45, 0, 125, 0:0, 0:1, NO_TECH
273, 11, 45, 0, 40, 0:0, 0:1, NO_TECH
273, 12, 45, 0, 0, 0:0, 0:1, NO_TECH
273, 13, 160, 0, 45, 0:0, 0:1, NO_TECH
273, 14, 125, 0, 0, 0:0, 0:1, TECH_BALLISTICS
274, 0, 205, 0, 0, 4:0, 3:1, TECH_METAL_CASTING
274, 1, 0, 0, 50, 0:0, 1:3, NO_TECH
274, 2, 160, 0, 100, 1:0, 1:1, NO_TECH
274, 3, 0, 95, 125, 0:0, 3:1, TECH_METAL_CASTING
274, 4, 150, 0, 85, 1:0, 1:3, TECH_BALLISTICS
274, 5, 100, 0, 45, 1:0, 1:1, TECH_REPLACEABLE_PARTS
274, 6, 85, 0, 0, 0:0, 0:1, TECH_BALLISTICS
274, 7, 185, 190, 0, 0:0, 0:1, TECH_CHEMISTRY
274, 8, 45, 0, 100, 0:0, 0:1, NO_TECH
274, 9, 45, 0, 80, 0:0, 0:1, NO_TECH
274, 11, 85, 0, 0, 0:0, 0:1, NO_TECH
274, 12, 0, 0, 0, 0:0, 0:1, NO_TECH
274, 13, 160, 0, 85, 0:0, 0:1, NO_TECH
274, 14, 125, 0, 45, 0:0, 0:1, TECH_BALLISTICS
275, 0, 260, 0, 45, 4:0, 3:1, TECH_BALLISTICS
275, 1, 0, 0, 50, 0:0, 1:1, NO_TECH
275, 2, 160, 0, 100, 1:0, 1:1, NO_TECH
275, 3, 0, 95, 125, 0:0, 3:1, TECH_METAL_CASTING
275, 4, 150, 0, 85, 1:0, 1:3, TECH_BALLISTICS
275, 5, 50, 0, 85, 1:0, 1:1, TECH_REPLACEABLE_PARTS
275, 6, 85, 0, 0, 0:0, 0:1, TECH_BALLISTICS
275, 7, 185, 190, 0, 0:0, 0:1, TECH_CHEMISTRY
275, 8, 45, 0, 100, 0:0, 0:1, NO_TECH
275, 9, 45, 0, 80, 0:0, 0:1, NO_TECH
275, 11, 45, 0, 40, 0:0, 0:1, NO_TECH
275, 12, 45, 0, 0, 0:0, 0:1, NO_TECH
275, 13, 120, 0, 45, 0:0, 0:1, NO_TECH
275, 14, 125, 0, 45, 0:0, 0:1, TECH_BALLISTICS
276, 0, 260, 0, 45, 4:0, 3:1, TECH_BALLISTICS
276, 1, 0, 100, 0, 0:0, 1:1, NO_TECH
276, 2, 160, 35, 130, 1:0, 1:1, NO_TECH
276, 3, 0, 95, 125, 0:0, 3:1, TECH_METAL_CASTING
276, 4, 150, 0, 85, 1:0, 1:3, TECH_BALLISTICS
276, 5, 50, 0, 45, 1:0, 1:1, TECH_REPLACEABLE_PARTS
276, 6, 85, 0, 0, 0:0, 0:1, TECH_BALLISTICS
276, 7, 185, 190, 0, 0:0, 0:1, TECH_CHEMISTRY
276, 8, 45, 0, 100, 0:0, 0:1, NO_TECH
276, 9, 45, 0, 80, 0:0, 0:1, NO_TECH
276, 11, 45, 0, 0, 0:0, 0:1, NO_TECH
276, 12, 0, 0, 0, 0:0, 0:1, NO_TECH
276, 13, 120, 0, 45, 0:0, 0:1, NO_TECH
276, 14, 165, 0, 45, 0:0, 0:1, TECH_BALLISTICS
277, 0, 260, 0, 45, 3:0, 3:1, TECH_BALLISTICS
277, 1, 50, 150, 0, 0:0, 1:3, NO_TECH
277, 2, 160, 35, 130, 1:0, 1:1, NO_TECH
277, 3, 0, 95, 165, 0:0, 3:1, TECH_METAL_CASTING
277, 4, 150, 0, 85, 1:0, 1:3, TECH_BALLISTICS
277, 5, 50, 0, 45, 1:0, 1:1, TECH_REPLACEABLE_PARTS
277, 6, 45, 0, 0, 0:0, 0:1, TECH_BALLISTICS
277, 7, 185, 190, 0, 0:0, 0:1, TECH_CHEMISTRY
277, 8, 45, 0, 100, 0:0, 0:1, NO_TECH
277, 9, 45, 0, 80, 0:0, 0:1, NO_TECH
277, 11, 45, 0, 0, 0:0, 0:1, NO_TECH
277, 12, 45, 0, 0, 0:0, 0:1, NO_TECH
277, 13, 120, 0, 45, 0:0, 0:1, NO_TECH
277, 14, 165, 0, 45, 0:0, 0:1, TECH_BALLISTICS
278, 0, 260, 0, 45, 3:0, 3:1, TECH_BALLISTICS
278, 1, 50, 150, 0, 0:0, 1:3, NO_TECH
278, 2, 160, 55, 130, 1:0, 1:1, NO_TECH
278, 3, 0, 95, 165, 0:0, 3:1, TECH_METAL_CASTING
278, 4, 150, 0, 85, 1:0, 1:3, TECH_BALLISTICS
278, 5, 50, 0, 0, 1:0, 1:1, TECH_REPLACEABLE_PARTS
278, 6, 45, 0, 0, 0:0, 0:1, TECH_CHEMISTRY
278, 7, 185, 190, 0, 0:0, 0:1, TECH_CHEMISTRY
278, 8, 45, 0, 150, 0:0, 0:1, NO_TECH
278, 9, 45, 0, 80, 0:0, 0:1, NO_TECH
278, 11, 45, 0, 50, 0:0, 0:1, NO_TECH
278, 12, 0, 0, 0, 0:0, 0:1, NO_TECH
278, 13, 160, 0, 45, 0:0, 0:1, NO_TECH
278, 14, 165, 0, 45, 0:0, 0:1, TECH_BALLISTICS
279, 0, 310, 0, 45, 4:0, 3:1, TECH_BALLISTICS
279, 1, 50, 200, 0, 0:0, 1:3, NO_TECH
279, 2, 160, 95, 130, 1:0, 1:1, NO_TECH
279, 3, 0, 95, 165, 0:0, 3:1, TECH_METAL_CASTING
279, 4, 150, 0, 85, 1:0, 1:3, TECH_BALLISTICS
279, 5, 50, 0, 0, 0:0, 1:1, TECH_REPLACEABLE_PARTS
279, 6, 0, 0, 0, 0:0, 0:1, TECH_BALLISTICS
279, 7, 185, 135, 0, 0:0, 0:1, TECH_CHEMISTRY
279, 8, 45, 0, 100, 0:0, 0:1, NO_TECH
279, 9, 45, 0, 80, 0:0, 0:1, NO_TECH
279, 11, 0, 0, 50, 0:0, 0:1, NO_TECH
279, 12, 0, 0, 0, 0:0, 0:1, NO_TECH
279, 13, 160, 0, 0, 0:0, 0:1, NO_TECH
279, 14, 165, 0, 45, 0:0, 0:1, TECH_BALLISTICS
280, 0, 310, 0, 45, 4:0, 3:1, TECH_BALLISTICS
280, 1, 50, 200, 0, 0:0, 1:3, NO_TECH
280, 2, 160, 95, 90, 1:0, 1:1, NO_TECH
280, 3, 0, 95, 165, 0:0, 3:1, TECH_METAL_CASTING
280, 4, 150, 0, 85, 1:0, 1:3, TECH_BALLISTICS
280, 5, 50, 0, 0, 0:0, 1:1, TECH_REPLACEABLE_PARTS
280, 6, 0, 0, 0, 0:0, 0:1, TECH_BALLISTICS
280, 7, 145, 40, 0, 0:0, 0:1, TECH_CHEMISTRY
280, 8, 45, 0, 50, 0:0, 0:1, NO_TECH
280, 9, 45, 0, 80, 0:0, 0:1, NO_TECH
280, 11, 0, 0, 50, 0:0, 0:1, NO_TECH
280, 12, 0, 0, 0, 0:0, 0:1, NO_TECH
280, 13, 160, 0, 0, 0:0, 0:1, NO_TECH
280, 14, 165, 80, 45, 0:0, 0:1, TECH_BALLISTICS
281, 0, 310, 0, 45, 4:0, 3:1, TECH_BALLISTICS
281, 1, 50, 150, 0, 0:0, 1:1, NO_TECH
281, 2, 160, 95, 90, 1:0, 1:1, NO_TECH
281, 3, 0, 55, 165, 0:0, 3:1, TECH_METAL_CASTING
281, 4, 105, 0, 85, 1:0, 1:3, TECH_BALLISTICS
281, 5, 50, 0, 40, 0:0, 1:1, TECH_REPLACEABLE_PARTS
281, 6, 0, 0, 0, 0:0, 0:1, TECH_BALLISTICS
281, 7, 145, 40, 0, 0:0, 0:1, TECH_CHEMISTRY
281, 8, 45, 0, 100, 0:0, 0:1, NO_TECH
281, 9, 45, 0, 80, 0:0, 0:1, NO_TECH
281, 11, 45, 0, 80, 0:0, 0:1, NO_TECH
281, 12, 0, 0, 0, 0:0, 0:1, NO_TECH
281, 13, 115, 0, 45, 0:0, 0:1, NO_TECH
281, 14, 125, 80, 45, 0:0, 0:1, TECH_BALLISTICS
282, 0, 310, 0, 45, 4:0, 3:1, TECH_BALLISTICS
282, 1, 50, 150, 0, 0:0, 1:3, TECH_SANITATION
282, 2, 160, 95, 90, 1:0, 1:1, NO_TECH
282, 3, 0, 55, 125, 0:0, 3:1, TECH_METAL_CASTING
282, 4, 105, 0, 85, 1:0, 1:3, TECH_BALLISTICS
282, 5, 100, 0, 40, 0:0, 1:1, TECH_FLIGHT
282, 6, 0, 0, 0, 0:0, 0:1, TECH_FLIGHT
282, 7, 145, 40, 0, 0:0, 0:1, TECH_CHEMISTRY
282, 8, 45, 0, 50, 0:0, 0:1, NO_TECH
282, 9, 45, 0, 80, 0:0, 0:1, NO_TECH
282, 11, 0, 0, 80, 0:0, 0:1, NO_TECH
282, 12, 0, 0, 0, 0:0, 0:1, NO_TECH
282, 13, 115, 0, 45, 0:0, 0:1, NO_TECH
282, 14, 125, 80, 45, 0:0, 0:1, TECH_BALLISTICS
283, 0, 310, 0, 45, 5:0, 3:1, TECH_BALLISTICS
283, 1, 50, 50, 0, 0:0, 1:3, TECH_SANITATION
283, 2, 160, 80, 90, 1:0, 1:1, NO_TECH
283, 3, 0, 55, 90, 0:0, 3:1, TECH_METAL_CASTING
283, 4, 105, 0, 85, 1:0, 1:3, TECH_BALLISTICS
283, 5, 100, 0, 80, 0:0, 1:1, TECH_FLIGHT
283, 6, 0, 0, 0, 0:0, 0:1, TECH_FLIGHT
283, 7, 145, 40, 0, 0:0, 0:1, TECH_CHEMISTRY
283, 8, 45, 0, 50, 0:0, 0:1, NO_TECH
283, 9, 45, 0, 90, 0:0, 0:1, NO_TECH
283, 11, 0, 0, 40, 0:0, 0:1, NO_TECH
283, 12, 0, 0, 0, 0:0, 0:1, NO_TECH
283, 13, 160, 0, 45, 0:0, 0:1, NO_TECH
283, 14, 90, 80, 45, 0:0, 0:1, TECH_BALLISTICS
284, 0, 360, 0, 45, 4:0, 3:1, TECH_BALLISTICS
284, 1, 50, 50, 0, 0:0, 1:3, TECH_SANITATION
284, 2, 160, 45, 125, 1:0, 1:1, NO_TECH
284, 3, 0, 55, 125, 0:0, 3:1, TECH_METAL_CASTING
284, 4, 105, 0, 85, 1:0, 1:3, TECH_BALLISTICS
284, 5, 100, 0, 40, 0:0, 1:1, TECH_FLIGHT
284, 6, 0, 0, 0, 0:0, 0:1, TECH_FLIGHT
284, 7, 145, 40, 0, 0:0, 0:1, TECH_CHEMISTRY
284, 8, 45, 0, 0, 0:0, 0:1, NO_TECH
284, 9, 45, 0, 45, 0:0, 0:1, NO_TECH
284, 11, 0, 0, 40, 0:0, 0:1, NO_TECH
284, 12, 0, 0, 0, 0:0, 0:1, NO_TECH
284, 13, 115, 0, 0, 0:0, 0:1, NO_TECH
284, 14, 45, 0, 0, 0:0, 0:1, TECH_BALLISTICS
285, 0, 360, 0, 45, 4:0, 3:1, TECH_BALLISTICS
285, 1, 50, 100, 0, 0:0, 1:3, TECH_FLIGHT
285, 2, 160, 0, 125, 1:0, 1:1, NO_TECH
285, 3, 0, 55, 80, 0:0, 3:1, TECH_METAL_CASTING
285, 4, 105, 0, 85, 1:0, 1:3, TECH_BALLISTICS
285, 5, 100, 0, 40, 1:0, 1:1, TECH_FLIGHT
285, 6, 45, 0, 0, 0:0, 0:1, TECH_FLIGHT
285, 7, 100, 40, 0, 0:0, 0:1, TECH_CHEMISTRY
285, 8, 45, 0, 0, 0:0, 0:1, NO_TECH
285, 9, 45, 0, 80, 0:0, 0:1, NO_TECH
285, 11, 0, 0, 40, 0:0, 0:1, NO_TECH
285, 12, 0, 0, 0, 0:0, 0:1, NO_TECH
285, 13, 205, 0, 0, 0:0, 0:1, NO_TECH
285, 14, 45, 0, 0, 0:0, 0:1, TECH_BALLISTICS
286, 0, 360, 0, 45, 4:0, 3:1, TECH_BALLISTICS
286, 1, 50, 150, 45, 0:0, 1:3, TECH_FLIGHT
286, 2, 160, 0, 125, 1:0, 1:1, NO_TECH
286, 3, 0, 55, 170, 0:0, 3:1, TECH_METAL_CASTING
286, 4, 105, 0, 85, 1:0, 1:3, TECH_BALLISTICS
286, 5, 100, 0, 0, 0:0, 1:1, NO_TECH
286, 6, 85, 0, 0, 0:0, 0:1, TECH_FLIGHT
286, 7, 145, 40, 0, 0:0, 0:1, TECH_CHEMISTRY
286, 8, 45, 0, 50, 0:0, 0:1, NO_TECH
286, 9, 45, 0, 80, 0:0, 0:1, NO_TECH
286, 11, 0, 0, 0, 0:0, 0:1, NO_TECH
286, 12, 0, 0, 0, 0:0, 0:1, NO_TECH
286, 13, 170, 55, 0, 0:0, 0:1, TECH_FLIGHT
286, 14, 85, 0, 0, 0:0, 0:1, TECH_BALLISTICS
287, 0, 305, 0, 45, 4:0, 3:1, TECH_BALLISTICS
287, 1, 50, 200, 45, 0:0, 1:3, TECH_FLIGHT
287, 2, 160, 85, 125, 1:0, 1:1, NO_TECH
287, 3, 0, 55, 170, 0:0, 3:1, TECH_METAL_CASTING
287, 4, 105, 0, 85, 1:0, 1:3, TECH_BALLISTICS
287, 5, 100, 0, 0, 0:0, 1:1, NO_TECH
287, 6, 85, 0, 0, 0:0, 0:1, TECH_FLIGHT
287, 7, 100, 40, 0, 0:0, 0:1, TECH_CHEMISTRY
287, 8, 45, 0, 100, 0:0, 0:1, NO_TECH
287, 9, 45, 0, 85, 0:0, 0:1, NO_TECH
287, 11, 0, 0, 40, 0:0, 0:1, NO_TECH
287, 12, 0, 0, 0, 0:0, 0:1, NO_TECH
287, 13, 80, 55, 0, 0:0, 0:1, TECH_FLIGHT
287, 14, 85, 80, 0, 0:0, 0:1, TECH_BALLISTICS
288, 0, 305, 0, 45, 4:0, 3:1, TECH_BALLISTICS
288, 1, 50, 200, 45, 0:0, 1:3, TECH_FLIGHT
288, 2, 160, 85, 125, 1:0, 1:1, NO_TECH
288, 3, 0, 55, 85, 0:0, 3:1, TECH_METAL_CASTING
288, 4, 105, 0, 85, 1:0, 1:3, TECH_BALLISTICS
288, 5, 100, 0, 40, 0:0, 1:1, NO_TECH
288, 6, 85, 0, 0, 0:0, 0:1, TECH_FLIGHT
288, 7, 100, 40, 0, 0:0, 0:1, TECH_CHEMISTRY
288, 8, 45, 0, 150, 0:0, 0:1, NO_TECH
288, 9, 45, 0, 85, 0:0, 0:1, NO_TECH
288, 11, 45, 0, 50, 0:0, 0:1, NO_TECH
288, 12, 40, 0, 0, 0:0, 0:1, NO_TECH
288, 13, 40, 55, 45, 0:0, 0:1, TECH_FLIGHT
288, 14, 85, 0, 80, 0:0, 0:1, NO_TECH
289, 0, 360, 0, 45, 3:0, 3:1, TECH_BALLISTICS
289, 1, 50, 255, 45, 0:0, 1:3, TECH_FLIGHT
289, 2, 160, 0, 85, 1:0, 1:1, NO_TECH
289, 3, 0, 55, 85, 0:0, 3:1, TECH_METAL_CASTING
289, 4, 105, 0, 85, 1:0, 1:3, TECH_BALLISTICS
289, 5, 100, 0, 40, 0:0, 1:1, NO_TECH
289, 6, 85, 0, 0, 0:0, 0:1, TECH_FLIGHT
289, 7, 100, 135, 0, 0:0, 0:1, TECH_CHEMISTRY
289, 8, 0, 0, 150, 0:0, 0:1, NO_TECH
289, 9, 45, 0, 85, 0:0, 0:1, NO_TECH
289, 11, 0, 0, 50, 0:0, 0:1, NO_TECH
289, 12, 40, 0, 0, 0:0, 0:1, NO_TECH
289, 13, 40, 55, 0, 0:0, 0:1, TECH_FLIGHT
289, 14, 40, 0, 80, 0:0, 0:1, NO_TECH
290, 0, 360, 0, 0, 3:0, 3:1, TECH_BALLISTICS
290, 1, 50, 255, 0, 0:0, 1:3, TECH_FLIGHT
290, 2, 160, 0, 85, 1:0, 1:1, NO_TECH
290, 3, 0, 55, 45, 0:0, 3:1, TECH_METAL_CASTING
290, 4, 150, 0, 85, 1:0, 1:3, TECH_BALLISTICS
290, 5, 100, 0, 0, 0:0, 1:1, NO_TECH
290, 6, 75, 0, 0, 0:0, 0:1, TECH_FLIGHT
290, 7, 55, 135, 0, 0:0, 0:1, TECH_CHEMISTRY
290, 8, 45, 0, 100, 0:0, 0:1, NO_TECH
290, 9, 45, 0, 0, 0:0, 0:1, NO_TECH
290, 11, 45, 0, 50, 0:0, 0:1, NO_TECH
290, 12, 80, 0, 0, 0:0, 0:1, NO_TECH
290, 13, 40, 55, 45, 0:0, 0:1, TECH_BALLISTICS
290, 14, 0, 0, 0, 0:0, 0:1, NO_TECH
291, 0, 405, 0, 45, 3:0, 3:1, TECH_BALLISTICS
291, 1, 50, 255, 45, 0:0, 2:3, TECH_SANITATION
291, 2, 160, 0, 45, 1:0, 1:1, NO_TECH
291, 3, 0, 55, 45, 0:0, 3:1, TECH_METAL_CASTING
291, 4, 150, 0, 160, 1:0, 1:3, TECH_BALLISTICS
291, 5, 100, 0, 45, 0:0, 1:1, NO_TECH
291, 6, 75, 0, 0, 0:0, 0:1, TECH_FLIGHT
291, 7, 100, 135, 0, 0:0, 0:1, TECH_CHEMISTRY
291, 8, 45, 0, 50, 0:0, 0:1, NO_TECH
291, 9, 45, 0, 0, 0:0, 0:1, NO_TECH
291, 11, 45, 0, 50, 0:0, 0:1, NO_TECH
291, 12, 80, 0, 0, 0:0, 0:1, NO_TECH
291, 13, 85, 55, 50, 0:0, 0:1, TECH_BALLISTICS
291, 14, 0, 0, 0, 0:0, 0:1, NO_TECH
292, 0, 355, 0, 45, 3:0, 3:1, TECH_BALLISTICS
292, 1, 110, 205, 45, 0:0, 2:1, TECH_SANITATION
292, 2, 160, 0, 45, 1:0, 1:1, NO_TECH
292, 3, 0, 55, 85, 0:0, 3:1, TECH_METAL_CASTING
292, 4, 150, 0, 160, 1:0, 1:1, TECH_BALLISTICS
292, 5, 100, 0, 45, 1:0, 1:1, NO_TECH
292, 6, 0, 0, 0, 0:0, 0:1, TECH_FLIGHT
292, 7, 145, 135, 0, 0:0, 0:1, TECH_CHEMISTRY
292, 8, 45, 0, 50, 0:0, 0:1, NO_TECH
292, 9, 45, 0, 0, 0:0, 0:1, NO_TECH
292, 11, 45, 0, 50, 0:0, 0:1, NO_TECH
292, 12, 80, 0, 0, 0:0, 0:1, NO_TECH
292, 13, 85, 55, 50, 0:0, 0:1, TECH_BALLISTICS
292, 14, 0, 0, 0, 0:0, 0:1, NO_TECH
293, 0, 355, 0, 45, 3:0, 3:1, NO_TECH
293, 1, 110, 255, 45, 0:0, 2:1, TECH_SANITATION
293, 2, 160, 0, 50, 1:0, 1:1, NO_TECH
293, 3, 0, 55, 85, 0:0, 3:1, TECH_METAL_CASTING
293, 4, 150, 0, 40, 1:0, 1:1, TECH_BALLISTICS
293, 5, 50, 0, 45, 0:0, 1:1, NO_TECH
293, 6, 0, 0, 0, 0:0, 0:1, TECH_FLIGHT
293, 7, 145, 40, 0, 0:0, 0:1, TECH_CHEMISTRY
293, 8, 45, 0, 100, 0:0, 0:1, NO_TECH
293, 9, 45, 0, 80, 0:0, 0:1, NO_TECH
293, 11, 45, 0, 40, 0:0, 0:1, NO_TECH
293, 12, 40, 0, 0, 0:0, 0:1, NO_TECH
293, 13, 85, 55, 45, 0:0, 0:1, TECH_BALLISTICS
293, 14, 0, 0, 0, 0:0, 0:1, NO_TECH
294, 0, 355, 0, 45, 3:0, 3:1, NO_TECH
294, 1, 110, 255, 45, 0:0, 2:1, TECH_SANITATION
294, 2, 160, 0, 90, 1:0, 1:1, NO_TECH
294, 3, 0, 0, 85, 0:0, 2:1, TECH_METAL_CASTING
294, 4, 150, 0, 40, 1:0, 1:1, TECH_BALLISTICS
294, 5, 50, 0, 85, 0:0, 1:1, NO_TECH
294, 6, 0, 0, 0, 0:0, 0:1, TECH_FLIGHT
294, 7, 145, 40, 0, 0:0, 0:1, TECH_CHEMISTRY
294, 8, 45, 0, 100, 0:0, 0:1, NO_TECH
294, 9, 45, 0, 80, 0:0, 0:1, NO_TECH
294, 11, 45, 0, 40, 0:0, 0:1, NO_TECH
294, 12, 85, 0, 0, 0:0, 0:1, NO_TECH
294, 13, 85, 110, 45, 0:0, 0:1, TECH_BALLISTICS
294, 14, 0, 0, 0, 0:0, 0:1, NO_TECH
295, 0, 355, 0, 45, 3:0, 3:1, NO_TECH
295, 1, 110, 255, 45, 1:0, 2:1, TECH_SANITATION
295, 2, 160, 0, 90, 1:0, 1:1, NO_TECH
295, 3, 0, 135, 85, 0:0, 2:1, TECH_METAL_CASTING
295, 4, 150, 0, 40, 1:0, 1:1, TECH_BALLISTICS
295, 5, 50, 0, 85, 0:0, 1:1, NO_TECH
295, 6, 0, 0, 0, 0:0, 0:1, TECH_FLIGHT
295, 7, 145, 40, 0, 0:0, 0:1, TECH_CHEMISTRY
295, 8, 45, 0, 100, 0:0, 0:1, NO_TECH
295, 9, 45, 0, 80, 0:0, 0:1, NO_TECH
295, 11, 85, 0, 40, 0:0, 0:1, NO_TECH
295, 12, 45, 0, 0, 0:0, 0:1, NO_TECH
295, 13, 85, 110, 85, 0:0, 0:1, TECH_BALLISTICS
295, 14, 0, 0, 0, 0:0, 0:1, NO_TECH
296, 0, 355, 195, 45, 4:0, 3:1, NO_TECH
296, 1, 175, 255, 0, 1:0, 2:3, TECH_SANITATION
296, 2, 160, 0, 90, 1:0, 1:1, NO_TECH
296, 3, 0, 135, 85, 0:0, 2:1, TECH_METAL_CASTING
296, 4, 150, 0, 0, 1:0, 1:1, TECH_BALLISTICS
296, 5, 50, 0, 85, 0:0, 1:1, NO_TECH
296, 6, 0, 0, 0, 0:0, 0:1, TECH_FLIGHT
296, 7, 145, 40, 0, 0:0, 0:1, TECH_CHEMISTRY
296, 8, 45, 0, 50, 0:0, 0:1, NO_TECH
296, 9, 45, 0, 80, 0:0, 0:1, NO_TECH
296, 11, 0, 0, 0, 0:0, 0:1, NO_TECH
296, 12, 45, 0, 0, 0:0, 0:1, NO_TECH
296, 13, 85, 110, 85, 0:0, 0:1, TECH_BALLISTICS
296, 14, 45, 0, 0, 0:0, 0:1, NO_TECH
297, 0, 305, 195, 45, 4:1, 3:1, NO_TECH
297, 1, 175, 260, 0, 1:0, 2:1, TECH_SANITATION
297, 2, 160, 0, 90, 1:0, 1:1, NO_TECH
297, 3, 0, 135, 85, 0:0, 2:1, TECH_METAL_CASTING
297, 4, 150, 0, 0, 1:0, 1:1, TECH_BALLISTICS
297, 5, 100, 0, 45, 0:0, 1:1, NO_TECH
297, 6, 0, 0, 0, 0:0, 0:1, TECH_FLIGHT
297, 7, 145, 40, 0, 0:0, 0:1, TECH_CHEMISTRY
297, 8, 0, 0, 105, 0:0, 0:1, NO_TECH
297, 9, 45, 0, 45, 0:0, 0:1, NO_TECH
297, 11, 60, 0, 0, 0:0, 0:1, NO_TECH
297, 12, 0, 0, 0, 0:0, 0:1, NO_TECH
297, 13, 85, 110, 50, 0:0, 0:1, TECH_BALLISTICS
297, 14, 45, 0, 0, 0:0, 0:1, NO_TECH
298, 0, 305, 195, 45, 4:1, 3:1, NO_TECH
298, 1, 175, 260, 0, 1:0, 2:1, TECH_SANITATION
298, 2, 160, 0, 90, 1:0, 1:1, NO_TECH
298, 3, 0, 0, 45, 0:0, 2:1, TECH_ADVANCED_FLIGHT
298, 4, 150, 0, 0, 1:0, 1:1, TECH_BALLISTICS
298, 5, 100, 55, 0, 1:0, 1:1, TECH_REPLACEABLE_PARTS
298, 6, 0, 0, 0, 0:0, 0:1, TECH_FLIGHT
298, 7, 145, 0, 0, 0:0, 0:1, TECH_CHEMISTRY
298, 8, 0, 0, 55, 0:0, 0:1, NO_TECH
298, 9, 45, 0, 45, 0:0, 0:1, NO_TECH
298, 11, 60, 0, 50, 0:0, 0:1, NO_TECH
298, 12, 0, 0, 0, 0:0, 0:1, NO_TECH
298, 13, 40, 55, 60, 0:0, 0:1, TECH_BALLISTICS
298, 14, 0, 0, 0, 0:0, 0:1, NO_TECH
299, 0, 255, 195, 0, 4:1, 3:1, NO_TECH
299, 1, 125, 210, 50, 1:0, 2:1, TECH_SANITATION
299, 2, 160, 0, 90, 1:0, 1:1, NO_TECH
299, 3, 0, 55, 60, 0:0, 2:1, TECH_ADVANCED_FLIGHT
299, 4, 150, 0, 40, 1:0, 1:1, TECH_BALLISTICS
299, 5, 100, 55, 0, 1:0, 1:1, TECH_REPLACEABLE_PARTS
299, 6, 0, 0, 0, 0:0, 0:1, TECH_FLIGHT
299, 7, 145, 0, 0, 0:0, 0:1, TECH_CHEMISTRY
299, 8, 0, 0, 55, 0:0, 0:1, NO_TECH
299, 9, 45, 0, 0, 0:0, 0:1, NO_TECH
299, 11, 60, 0, 50, 0:0, 0:1, NO_TECH
299, 12, 0, 0, 0, 0:0, 0:1, NO_TECH
299, 13, 40, 55, 60, 0:0, 0:1, TECH_BALLISTICS
299, 14, 0, 0, 0, 0:0, 0:1, NO_TECH
300, 0, 255, 195, 0, 4:1, 3:1, NO_TECH
300, 1, 125, 210, 105, 1:0, 2:1, TECH_SANITATION
300, 2, 240, 0, 90, 1:0, 1:1, NO_TECH
300, 3, 0, 55, 60, 0:0, 2:1, TECH_ADVANCED_FLIGHT
300, 4, 150, 0, 0, 1:0, 1:1, TECH_BALLISTICS
300, 5, 100, 55, 0, 0:0, 1:1, TECH_REPLACEABLE_PARTS
300, 6, 0, 0, 0, 0:0, 0:1, TECH_FLIGHT
300, 7, 145, 40, 0, 0:0, 0:1, TECH_CHEMISTRY
300, 8, 0, 0, 55, 0:0, 0:1, NO_TECH
300, 9, 45, 0, 0, 0:0, 0:1, NO_TECH
300, 11, 60, 0, 50, 0:0, 0:1, NO_TECH
300, 12, 0, 0, 0, 0:0, 0:1, NO_TECH
300, 13, 40, 55, 60, 0:0, 0:1, TECH_BALLISTICS
300, 14, 0, 0, 0, 0:0, 0:1, NO_TECH
301, 0, 315, 195, 0, 2:1, 3:1, NO_TECH
301, 1, 125, 245, 105, 1:0, 2:1, TECH_SANITATION
301, 2, 240, 0, 100, 1:0, 1:1, NO_TECH
301, 3, 0, 55, 60, 0:0, 2:1, TECH_ADVANCED_FLIGHT
301, 4, 195, 0, 0, 0:0, 1:1, TECH_BALLISTICS
301, 5, 100, 110, 60, 0:0, 1:1, TECH_REPLACEABLE_PARTS
301, 6, 0, 0, 0, 0:0, 0:1, TECH_FLIGHT
301, 7, 145, 40, 0, 0:0, 0:1, TECH_CHEMISTRY
301, 8, 40, 0, 55, 0:0, 0:1, NO_TECH
301, 9, 45, 0, 0, 0:0, 0:1, NO_TECH
301, 11, 120, 0, 0, 0:0, 0:1, NO_TECH
301, 12, 0, 0, 0, 0:0, 0:1, NO_TECH
301, 13, 40, 55, 165, 0:0, 0:1, TECH_BALLISTICS
301, 14, 45, 0, 0, 0:0, 0:1, NO_TECH
302, 0, 351, 195, 0, 4:1, 3:1, NO_TECH
302, 1, 125, 245, 105, 1:0, 2:1, TECH_SANITATION
302, 2, 240, 0, 100, 1:0, 1:1, NO_TECH
302, 3, 0, 55, 165, 0:0, 2:1, TECH_ADVANCED_FLIGHT
302, 4, 195, 0, 0, 0:0, 1:1, TECH_BALLISTICS
302, 5, 50, 110, 120, 0:0, 1:1, TECH_REPLACEABLE_PARTS
302, 6, 0, 0, 0, 0:0, 0:1, TECH_FLIGHT
302, 7, 145, 40, 0, 0:0, 0:1, TECH_CHEMISTRY
302, 8, 0, 0, 55, 0:0, 0:1, NO_TECH
302, 9, 45, 0, 45, 0:0, 0:1, NO_TECH
302, 11, 135, 0, 0, 0:0, 0:1, NO_TECH
302, 12, 0, 0, 0, 0:0, 0:1, NO_TECH
302, 13, 40, 55, 180, 0:0, 0:1, TECH_BALLISTICS
302, 14, 75, 0, 0, 0:0, 0:1, NO_TECH
303, 0, 411, 195, 0, 4:1, 3:1, NO_TECH
303, 1, 125, 245, 105, 1:0, 2:1, TECH_SANITATION
303, 2, 240, 55, 100, 1:0, 1:1, NO_TECH
303, 3, 0, 165, 180, 0:0, 2:1, TECH_ADVANCED_FLIGHT
303, 4, 195, 0, 40, 0:0, 1:1, TECH_BALLISTICS
303, 5, 50, 165, 60, 0:0, 1:1, TECH_REPLACEABLE_PARTS
303, 6, 0, 0, 0, 0:0, 0:1, TECH_FLIGHT
303, 7, 145, 40, 0, 0:0, 0:1, TECH_CHEMISTRY
303, 8, 0, 0, 0, 0:0, 0:1, NO_TECH
303, 9, 0, 0, 175, 0:0, 0:1, NO_TECH
303, 11, 60, 0, 0, 0:0, 0:1, NO_TECH
303, 12, 40, 0, 0, 0:0, 0:1, NO_TECH
303, 13, 40, 55, 105, 0:0, 0:1, TECH_BALLISTICS
303, 14, 145, 0, 0, 0:0, 0:1, NO_TECH
304, 0, 301, 195, 0, 4:1, 3:1, NO_TECH
304, 1, 125, 145, 50, 1:0, 2:1, TECH_SANITATION
304, 2, 240, 55, 100, 1:0, 1:1, NO_TECH
304, 3, 0, 220, 245, 0:0, 2:1, TECH_ADVANCED_FLIGHT
304, 4, 45, 0, 0, 0:0, 1:1, TECH_BALLISTICS
304, 5, 50, 165, 60, 0:0, 1:1, TECH_REPLACEABLE_PARTS
304, 6, 0, 0, 0, 0:0, 0:1, TECH_FLIGHT
304, 7, 145, 95, 0, 0:0, 0:1, TECH_CHEMISTRY
304, 8, 0, 45, 0, 0:0, 0:1, NO_TECH
304, 9, 45, 0, 175, 0:0, 0:1, NO_TECH
304, 11, 60, 0, 0, 0:0, 0:1, NO_TECH
304, 12, 0, 0, 0, 0:0, 0:1, NO_TECH
304, 13, 40, 55, 60, 0:0, 0:1, TECH_BALLISTICS
304, 14, 75, 0, 0, 0:0, 0:1, NO_TECH
305, 0, 301, 195, 0, 4:1, 3:1, NO_TECH
305, 1, 125, 145, 50, 1:0, 2:1, TECH_SANITATION
305, 2, 240, 185, 145, 1:0, 1:1, NO_TECH
305, 3, 0, 220, 200, 0:0, 2:1, TECH_ADVANCED_FLIGHT
305, 4, 45, 0, 0, 0:0, 1:1, TECH_BALLISTICS
305, 5, 100, 165, 60, 0:0, 1:1, TECH_REPLACEABLE_PARTS
305, 6, 0, 0, 0, 0:0, 0:1, TECH_FLIGHT
305, 7, 145, 95, 0, 0:0, 0:1, TECH_CHEMISTRY
305, 8, 0, 45, 0, 0:0, 0:1, NO_TECH
305, 9, 45, 0, 130, 0:0, 0:1, NO_TECH
305, 11, 60, 0, 0, 0:0, 0:1, NO_TECH
305, 12, 40, 0, 0, 0:0, 0:1, NO_TECH
305, 13, 40, 55, 60, 0:0, 0:1, TECH_BALLISTICS
305, 14, 75, 0, 0, 0:0, 0:1, NO_TECH
306, 0, 301, 195, 0, 4:1, 3:1, NO_TECH
306, 1, 125, 155, 50, 1:0, 2:1, TECH_SANITATION
306, 2, 240, 185, 145, 1:0, 1:1, NO_TECH
306, 3, 0, 165, 145, 0:0, 2:1, TECH_ADVANCED_FLIGHT
306, 4, 45, 0, 0, 0:0, 1:1, TECH_BALLISTICS
306, 5, 100, 165, 0, 0:0, 1:1, TECH_REPLACEABLE_PARTS
306, 6, 0, 0, 0, 0:0, 0:1, TECH_FLIGHT
306, 7, 90, 95, 0, 0:0, 0:1, TECH_CHEMISTRY
306, 8, 0, 45, 50, 0:0, 0:1, NO_TECH
306, 9, 0, 0, 75, 0:0, 0:1, NO_TECH
306, 11, 60, 0, 0, 0:0, 0:1, NO_TECH
306, 12, 0, 0, 0, 0:0, 0:1, NO_TECH
306, 13, 40, 0, 60, 0:0, 0:1, TECH_BALLISTICS
306, 14, 75, 0, 0, 0:0, 0:1, NO_TECH
307, 0, 301, 195, 0, 4:1, 3:1, NO_TECH
307, 1, 125, 210, 50, 1:0, 2:1, TECH_SANITATION
307, 2, 240, 185, 145, 1:0, 1:1, NO_TECH
307, 3, 0, 165, 60, 0:0, 2:1, TECH_ADVANCED_FLIGHT
307, 4, 90, 0, 0, 0:0, 1:1, TECH_BALLISTICS
307, 5, 100, 165, 0, 0:0, 1:1, TECH_REPLACEABLE_PARTS
307, 6, 0, 0, 0, 0:0, 0:1, TECH_FLIGHT
307, 7, 90, 95, 0, 0:0, 0:1, TECH_CHEMISTRY
307, 8, 0, 0, 50, 0:0, 0:1, NO_TECH
307, 9, 0, 0, 75, 0:0, 0:1, NO_TECH
307, 11, 60, 0, 0, 0:0, 0:1, NO_TECH
307, 12, 0, 0, 0, 0:0, 0:1, NO_TECH
307, 13, 40, 0, 60, 0:0, 0:1, TECH_BALLISTICS
307, 14, 75, 0, 0, 0:0, 0:1, NO_TECH
308, 0, 301, 195, 0, 4:1, 3:1, NO_TECH
308, 1, 125, 155, 50, 1:0, 2:1, TECH_SANITATION
308, 2, 240, 150, 105, 1:0, 1:1, NO_TECH
308, 3, 0, 165, 105, 0:0, 2:1, TECH_ADVANCED_FLIGHT
308, 4, 90, 0, 0, 0:0, 1:1, TECH_BALLISTICS
308, 5, 100, 165, 0, 0:0, 1:1, TECH_REPLACEABLE_PARTS
308, 6, 75, 0, 0, 0:0, 0:1, TECH_FLIGHT
308, 7, 90, 95, 0, 0:0, 0:1, TECH_CHEMISTRY
308, 8, 0, 0, 50, 0:0, 0:1, NO_TECH
308, 9, 0, 0, 75, 0:0, 0:1, NO_TECH
308, 11, 120, 0, 0, 0:0, 0:1, NO_TECH
308, 12, 0, 0, 0, 0:0, 0:1, NO_TECH
308, 13, 40, 0, 165, 0:0, 0:1, TECH_BALLISTICS
308, 14, 75, 0, 0, 0:0, 0:1, NO_TECH
309, 0, 301, 195, 0, 4:1, 3:1, NO_TECH
309, 1, 125, 110, 50, 1:0, 2:1, TECH_SANITATION
309, 2, 240, 110, 165, 1:0, 1:1, NO_TECH
309, 3, 0, 165, 165, 0:0, 2:1, TECH_ADVANCED_FLIGHT
309, 4, 90, 0, 75, 0:0, 1:1, TECH_BALLISTICS
309, 5, 100, 165, 60, 0:0, 1:1, TECH_REPLACEABLE_PARTS
309, 6, 0, 0, 0, 0:0, 0:1, TECH_FLIGHT
309, 7, 145, 95, 0, 0:0, 0:1, TECH_CHEMISTRY
309, 8, 0, 0, 0, 0:0, 0:1, NO_TECH
309, 9, 0, 0, 75, 0:0, 0:1, NO_TECH
309, 11, 120, 0, 0, 0:0, 0:1, NO_TECH
309, 12, 0, 0, 0, 0:0, 0:1, NO_TECH
309, 13, 40, 0, 165, 0:0, 0:1, TECH_BALLISTICS
309, 14, 75, 0, 0, 0:0, 0:1, NO_TECH
310, 0, 301, 195, 0, 4:1, 3:1, NO_TECH
310, 1, 125, 55, 0, 1:0, 2:1, TECH_SANITATION
310, 2, 240, 110, 165, 1:0, 1:1, NO_TECH
310, 3, 0, 110, 165, 0:0, 2:1, TECH_ADVANCED_FLIGHT
310, 4, 145, 0, 0, 0:0, 1:1, TECH_BALLISTICS
310, 5, 100, 110, 120, 0:0, 1:1, TECH_ADVANCED_FLIGHT
310, 6, 0, 0, 0, 0:0, 0:1, TECH_FLIGHT
310, 7, 130, 95, 0, 0:0, 0:1, TECH_CHEMISTRY
310, 8, 0, 0, 0, 0:0, 0:1, NO_TECH
310, 9, 0, 0, 75, 0:0, 0:1, NO_TECH
310, 11, 120, 0, 0, 0:0, 0:1, NO_TECH
310, 12, 0, 0, 0, 0:0, 0:1, NO_TECH
310, 13, 40, 0, 165, 0:0, 0:1, TECH_BALLISTICS
310, 14, 75, 0, 0, 0:0, 0:1, NO_TECH
311, 0, 361, 195, 0, 4:1, 3:1, NO_TECH
311, 1, 125, 55, 0, 1:0, 2:1, TECH_SANITATION
311, 2, 320, 55, 165, 1:0, 1:1, NO_TECH
311, 3, 0, 110, 165, 0:0, 2:1, TECH_ADVANCED_FLIGHT
311, 4, 145, 0, 0, 0:0, 1:1, TECH_BALLISTICS
311, 5, 100, 0, 120, 1:0, 1:1, TECH_ADVANCED_FLIGHT
311, 6, 0, 0, 0, 0:0, 0:1, TECH_FLIGHT
311, 7, 130, 95, 0, 0:0, 0:1, TECH_CHEMISTRY
311, 8, 0, 0, 0, 0:0, 0:1, NO_TECH
311, 9, 0, 0, 75, 0:0, 0:1, NO_TECH
311, 11, 120, 0, 0, 0:0, 0:1, NO_TECH
311, 12, 0, 0, 0, 0:0, 0:1, NO_TECH
311, 13, 0, 0, 120, 0:0, 0:1, TECH_BALLISTICS
311, 14, 75, 0, 0, 0:0, 0:1, NO_TECH
312, 0, 421, 150, 0, 4:1, 3:1, NO_TECH
312, 1, 125, 50, 55, 1:0, 2:1, TECH_SANITATION
312, 2, 390, 115, 165, 1:0, 1:1, NO_TECH
312, 3, 75, 110, 165, 1:0, 2:1, TECH_ADVANCED_FLIGHT
312, 4, 145, 0, 0, 0:0, 1:1, TECH_BALLISTICS
312, 5, 100, 55, 120, 0:0, 1:1, TECH_ADVANCED_FLIGHT
312, 6, 0, 0, 0, 0:0, 0:1, TECH_FLIGHT
312, 7, 185, 95, 0, 0:0, 0:1, TECH_BALLISTICS
312, 8, 0, 0, 0, 0:0, 0:1, NO_TECH
312, 9, 0, 0, 75, 0:0, 0:1, NO_TECH
312, 11, 120, 0, 0, 0:0, 0:1, NO_TECH
312, 12, 0, 0, 0, 0:0, 0:1, NO_TECH
312, 13, 40, 0, 120, 0:0, 0:1, TECH_BALLISTICS
312, 14, 75, 0, 0, 0:0, 0:1, NO_TECH
313, 0, 421, 150, 0, 3:1, 3:1, NO_TECH
313, 1, 125, 50, 55, 1:0, 2:1, TECH_SANITATION
313, 2, 390, 115, 120, 1:0, 1:1, NO_TECH
313, 3, 75, 110, 120, 1:0, 2:1, TECH_ADVANCED_FLIGHT
313, 4, 145, 0, 0, 0:0, 1:1, TECH_BALLISTICS
313, 5, 100, 55, 120, 1:0, 1:1, TECH_ADVANCED_FLIGHT
313, 6, 0, 0, 0, 0:0, 0:1, TECH_FLIGHT
313, 7, 130, 40, 0, 0:0, 0:1, TECH_BALLISTICS
313, 8, 0, 0, 0, 0:0, 0:1, NO_TECH
313, 9, 0, 0, 75, 0:0, 0:1, NO_TECH
313, 11, 120, 0, 0, 0:0, 0:1, NO_TECH
313, 12, 0, 0, 0, 0:0, 0:1, NO_TECH
313, 13, 40, 0, 120, 0:0, 0:1, TECH_MILITARY_SCIENCE
313, 14, 0, 0, 0, 0:0, 0:1, NO_TECH
314, 0, 421, 150, 0, 3:1, 3:1, NO_TECH
314, 1, 125, 55, 55, 1:0, 2:1, TECH_SANITATION
314, 2, 390, 60, 120, 1:0, 1:1, NO_TECH
314, 3, 75, 110, 120, 1:0, 2:1, TECH_ADVANCED_FLIGHT
314, 4, 145, 0, 0, 0:0, 1:1, TECH_BALLISTICS
314, 5, 175, 110, 60, 1:0, 1:1, TECH_ADVANCED_FLIGHT
314, 6, 0, 0, 0, 0:0, 0:1, TECH_BALLISTICS
314, 7, 130, 40, 0, 0:0, 0:1, TECH_BALLISTICS
314, 8, 0, 0, 0, 0:0, 0:1, NO_TECH
314, 9, 0, 0, 0, 0:0, 0:1, NO_TECH
314, 11, 120, 0, 0, 0:0, 0:1, NO_TECH
314, 12, 0, 0, 0, 0:0, 0:1, NO_TECH
314, 13, 60, 0, 120, 0:0, 0:1, TECH_MILITARY_SCIENCE
314, 14, 0, 0, 0, 0:0, 0:1, NO_TECH
315, 0, 421, 150, 0, 1:1, 3:1, NO_TECH
315, 1, 125, 55, 55, 1:0, 2:1, TECH_ADVANCED_FLIGHT
315, 2, 390, 60, 120, 1:0, 1:1, NO_TECH
315, 3, 75, 110, 140, 1:0, 2:1, TECH_ADVANCED_FLIGHT
315, 4, 145, 0, 0, 0:0, 1:1, TECH_BALLISTICS
315, 5, 175, 110, 120, 1:0, 1:1, TECH_ADVANCED_FLIGHT
315, 6, 75, 0, 0, 0:0, 0:1, TECH_BALLISTICS
315, 7, 130, 40, 0, 0:0, 0:1, TECH_BALLISTICS
315, 8, 0, 0, 0, 0:0, 0:1, NO_TECH
315, 9, 0, 0, 0, 0:0, 0:1, NO_TECH
315, 11, 120, 0, 0, 0:0, 0:1, NO_TECH
315, 12, 0, 0, 0, 0:0, 0:1, NO_TECH
315, 13, 60, 0, 120, 0:0, 0:1, TECH_MILITARY_SCIENCE
315, 14, 0, 0, 0, 0:0, 0:1, NO_TECH
316, 0, 385, 105, 0, 2:1, 3:1, NO_TECH
316, 1, 125, 55, 55, 1:0, 2:1, TECH_ADVANCED_FLIGHT
316, 2, 390, 60, 120, 1:0, 1:1, NO_TECH
316, 3, 75, 110, 140, 1:0, 2:1, TECH_ADVANCED_FLIGHT
316, 4, 145, 0, 75, 0:0, 1:1, TECH_BALLISTICS
316, 5, 175, 170, 120, 1:0, 1:1, TECH_ADVANCED_FLIGHT
316, 6, 75, 0, 0, 0:0, 0:1, NO_TECH
316, 7, 130, 40, 0, 0:0, 0:1, TECH_BALLISTICS
316, 8, 80, 0, 0, 0:0, 0:1, NO_TECH
316, 9, 0, 0, 0, 0:0, 0:1, NO_TECH
316, 11, 120, 0, 0, 0:0, 0:1, NO_TECH
316, 12, 0, 0, 0, 0:0, 0:1, NO_TECH
316, 13, 60, 0, 120, 0:0, 0:1, TECH_RIFLING
316, 14, 75, 0, 0, 0:0, 0:1, NO_TECH
317, 0, 385, 105, 0, 2:1, 3:1, NO_TECH
317, 1, 125, 55, 55, 1:0, 2:1, TECH_ADVANCED_FLIGHT
317, 2, 390, 0, 100, 1:0, 1:1, NO_TECH
317, 3, 75, 110, 120, 1:0, 2:1, TECH_ADVANCED_FLIGHT
317, 4, 145, 0, 75, 0:0, 1:1, TECH_BALLISTICS
317, 5, 175, 170, 120, 1:0, 1:1, TECH_ADVANCED_FLIGHT
317, 6, 75, 0, 0, 0:0, 0:1, NO_TECH
317, 7, 130, 40, 0, 0:0, 0:1, TECH_CHEMISTRY
317, 8, 80, 0, 0, 0:0, 0:1, NO_TECH
317, 9, 0, 0, 75, 0:0, 0:1, NO_TECH
317, 11, 120, 0, 0, 0:0, 0:1, NO_TECH
317, 12, 0, 0, 0, 0:0, 0:1, NO_TECH
317, 13, 60, 0, 120, 0:0, 0:1, TECH_ADVANCED_FLIGHT
317, 14, 75, 0, 0, 0:0, 0:1, NO_TECH
318, 0, 285, 105, 0, 2:1, 3:1, NO_TECH
318, 1, 125, 0, 55, 1:0, 2:1, TECH_ADVANCED_FLIGHT
318, 2, 390, 0, 90, 1:0, 1:1, NO_TECH
318, 3, 75, 110, 120, 1:0, 2:1, TECH_ADVANCED_FLIGHT
318, 4, 145, 0, 75, 0:0, 1:1, TECH_BALLISTICS
318, 5, 175, 170, 120, 1:0, 1:1, TECH_ADVANCED_FLIGHT
318, 6, 0, 0, 0, 0:0, 0:1, TECH_ADVANCED_FLIGHT
318, 7, 130, 0, 0, 0:0, 0:1, TECH_CHEMISTRY
318, 8, 60, 0, 0, 0:0, 0:1, NO_TECH
318, 9, 0, 0, 75, 0:0, 0:1, NO_TECH
318, 11, 120, 0, 0, 0:0, 0:1, NO_TECH
318, 12, 0, 0, 0, 0:0, 0:1, NO_TECH
318, 13, 0, 0, 60, 0:0, 0:1, TECH_ADVANCED_FLIGHT
318, 14, 75, 0, 0, 0:0, 0:1, NO_TECH
319, 0, 285, 45, 45, 2:1, 3:1, NO_TECH
319, 1, 125, 0, 55, 1:0, 2:1, TECH_ADVANCED_FLIGHT
319, 2, 390, 0, 90, 1:0, 1:3, NO_TECH
319, 3, 75, 110, 100, 1:0, 2:1, TECH_ADVANCED_FLIGHT
319, 4, 145, 0, 40, 0:0, 1:1, TECH_BALLISTICS
319, 5, 175, 170, 60, 1:0, 1:1, TECH_ADVANCED_FLIGHT
319, 6, 60, 0, 0, 0:0, 0:1, TECH_ADVANCED_FLIGHT
319, 7, 90, 0, 0, 0:0, 0:1, TECH_CHEMISTRY
319, 8, 0, 0, 0, 0:0, 0:1, NO_TECH
319, 9, 45, 0, 75, 0:0, 0:1, NO_TECH
319, 11, 135, 0, 0, 0:0, 0:1, NO_TECH
319, 12, 40, 0, 0, 0:0, 0:1, NO_TECH
319, 13, 60, 0, 135, 0:0, 0:1, TECH_ADVANCED_FLIGHT
319, 14, 75, 0, 0, 0:0, 0:1, NO_TECH
320, 0, 285, 45, 45, 2:1, 3:1, NO_TECH
320, 1, 125, 0, 55, 1:0, 2:1, TECH_ADVANCED_FLIGHT
320, 2, 390, 0, 75, 1:0, 1:3, NO_TECH
320, 3, 75, 55, 100, 1:0, 2:1, TECH_ADVANCED_FLIGHT
320, 4, 145, 0, 100, 0:0, 1:1, TECH_BALLISTICS
320, 5, 175, 55, 60, 1:0, 1:1, TECH_ADVANCED_FLIGHT
320, 6, 60, 0, 0, 0:0, 0:1, TECH_ADVANCED_FLIGHT
320, 7, 145, 0, 0, 0:0, 0:1, TECH_CHEMISTRY
320, 8, 60, 0, 0, 0:0, 0:1, NO_TECH
320, 9, 0, 0, 75, 0:0, 0:1, NO_TECH
320, 11, 60, 0, 0, 0:0, 0:1, NO_TECH
320, 12, 60, 0, 0, 0:0, 0:1, NO_TECH
320, 13, 60, 0, 135, 0:0, 0:1, TECH_ADVANCED_FLIGHT
320, 14, 0, 0, 0, 0:0, 0:1, TECH_ADVANCED_FLIGHT
321, 0, 345, 45, 45, 2:1, 3:1, NO_TECH
321, 1, 125, 0, 55, 1:0, 2:1, TECH_ADVANCED_FLIGHT
321, 2, 390, 0, 90, 1:0, 1:1, NO_TECH
321, 3, 75, 55, 100, 1:0, 2:1, TECH_ADVANCED_FLIGHT
321, 4, 145, 0, 100, 2:0, 1:1, TECH_BALLISTICS
321, 5, 175, 115, 60, 1:0, 1:1, TECH_ADVANCED_FLIGHT
321, 6, 135, 0, 0, 0:0, 0:1, TECH_ADVANCED_FLIGHT
321, 7, 145, 0, 0, 0:0, 0:1, TECH_CHEMISTRY
321, 8, 0, 0, 0, 0:0, 0:1, NO_TECH
321, 9, 0, 0, 0, 0:0, 0:1, NO_TECH
321, 11, 135, 0, 60, 0:0, 0:1, NO_TECH
321, 12, 0, 0, 0, 0:0, 0:1, NO_TECH
321, 13, 60, 0, 135, 0:0, 0:1, TECH_ADVANCED_FLIGHT
321, 14, 75, 0, 0, 0:0, 0:1, TECH_ADVANCED_FLIGHT
322, 0, 345, 0, 45, 2:1, 3:1, NO_TECH
322, 1, 125, 0, 105, 1:0, 2:1, TECH_ADVANCED_FLIGHT
322, 2, 390, 0, 120, 1:0, 1:1, NO_TECH
322, 3, 75, 60, 120, 1:0, 2:1, TECH_ADVANCED_FLIGHT
322, 4, 145, 0, 135, 1:0, 1:1, TECH_BALLISTICS
322, 5, 255, 115, 60, 1:0, 1:1, TECH_ADVANCED_FLIGHT
322, 6, 0, 0, 0, 0:0, 0:1, TECH_ADVANCED_FLIGHT
322, 7, 145, 0, 0, 0:0, 0:1, TECH_CHEMISTRY
322, 8, 0, 0, 0, 0:0, 0:1, NO_TECH
322, 9, 45, 0, 0, 0:0, 0:1, NO_TECH
322, 11, 60, 0, 60, 0:0, 0:1, NO_TECH
322, 12, 60, 0, 0, 0:0, 0:1, NO_TECH
322, 13, 60, 0, 135, 0:0, 0:1, TECH_ADVANCED_FLIGHT
322, 14, 75, 0, 0, 0:0, 0:1, TECH_ADVANCED_FLIGHT
323, 0, 345, 0, 45, 2:1, 3:1, NO_TECH
323, 1, 125, 105, 50, 1:0, 2:1, TECH_ADVANCED_FLIGHT
323, 2, 390, 0, 145, 1:0, 1:1, NO_TECH
323, 3, 75, 60, 120, 1:0, 2:1, TECH_ADVANCED_FLIGHT
323, 4, 145, 0, 0, 1:0, 1:1, TECH_BALLISTICS
323, 5, 255, 60, 60, 1:0, 1:1, TECH_ADVANCED_FLIGHT
323, 6, 60, 0, 0, 0:0, 0:1, TECH_ADVANCED_FLIGHT
323, 7, 145, 0, 0, 0:0, 0:1, TECH_CHEMISTRY
323, 8, 0, 0, 0, 0:0, 0:1, NO_TECH
323, 9, 0, 0, 0, 0:0, 0:1, NO_TECH
323, 11, 135, 0, 60, 0:0, 0:1, NO_TECH
323, 12, 0, 0, 0, 0:0, 0:1, NO_TECH
323, 13, 0, 0, 135, 0:0, 0:1, TECH_ADVANCED_FLIGHT
323, 14, 75, 0, 75, 0:0, 0:1, TECH_ADVANCED_FLIGHT
324, 0, 345, 0, 45, 2:1, 3:1, NO_TECH
324, 1, 125, 105, 50, 2:0, 2:1, TECH_ADVANCED_FLIGHT
324, 2, 390, 65, 100, 1:0, 1:1, NO_TECH
324, 3, 75, 60, 75, 0:0, 2:1, TECH_ADVANCED_FLIGHT
324, 4, 145, 0, 60, 1:0, 1:1, TECH_BALLISTICS
324, 5, 205, 60, 75, 1:0, 1:1, TECH_ADVANCED_FLIGHT
324, 6, 60, 0, 0, 0:0, 0:1, TECH_ADVANCED_FLIGHT
324, 7, 145, 0, 0, 0:0, 0:1, TECH_CHEMISTRY
324, 8, 0, 0, 0, 0:0, 0:1, NO_TECH
324, 9, 45, 0, 0, 0:0, 0:1, NO_TECH
324, 11, 135, 0, 0, 0:0, 0:1, NO_TECH
324, 12, 0, 0, 0, 0:0, 0:1, NO_TECH
324, 13, 0, 0, 60, 0:0, 0:1, TECH_ADVANCED_FLIGHT
324, 14, 0, 0, 75, 0:0, 0:1, TECH_ADVANCED_FLIGHT
325, 0, 345, 0, 45, 3:1, 3:1, NO_TECH
325, 1, 125, 105, 50, 1:0, 2:1, TECH_ADVANCED_FLIGHT
325, 2, 390, 65, 100, 1:0, 1:3, NO_TECH
325, 3, 75, 60, 60, 0:0, 2:1, TECH_ADVANCED_FLIGHT
325, 4, 145, 0, 60, 1:0, 1:1, TECH_BALLISTICS
325, 5, 205, 60, 80, 1:0, 1:1, TECH_ADVANCED_FLIGHT
325, 6, 0, 0, 0, 0:0, 0:1, TECH_ADVANCED_FLIGHT
325, 7, 100, 0, 0, 0:0, 0:1, TECH_CHEMISTRY
325, 8, 0, 0, 0, 0:0, 0:1, NO_TECH
325, 9, 45, 0, 0, 0:0, 0:1, NO_TECH
325, 11, 135, 0, 80, 0:0, 0:1, NO_TECH
325, 12, 0, 0, 0, 0:0, 0:1, NO_TECH
325, 13, 0, 0, 60, 0:0, 0:1, NO_TECH
325, 14, 0, 0, 75, 0:0, 0:1, TECH_ADVANCED_FLIGHT
326, 0, 405, 0, 45, 3:1, 3:1, NO_TECH
326, 1, 125, 105, 100, 1:0, 2:1, TECH_ADVANCED_FLIGHT
326, 2, 390, 65, 145, 1:0, 1:3, NO_TECH
326, 3, 75, 0, 60, 0:0, 2:1, TECH_ADVANCED_FLIGHT
326, 4, 145, 0, 0, 1:0, 1:1, TECH_RIFLING
326, 5, 205, 0, 80, 1:0, 1:1, TECH_ADVANCED_FLIGHT
326, 6, 60, 0, 0, 0:0, 0:1, TECH_ADVANCED_FLIGHT
326, 7, 85, 0, 0, 0:0, 0:1, TECH_CHEMISTRY
326, 8, 0, 0, 60, 0:0, 0:1, NO_TECH
326, 9, 45, 0, 0, 0:0, 0:1, NO_TECH
326, 11, 60, 0, 80, 0:0, 0:1, NO_TECH
326, 12, 0, 0, 0, 0:0, 0:1, NO_TECH
326, 13, 60, 0, 60, 0:0, 0:1, NO_TECH
326, 14, 0, 0, 0, 0:0, 0:1, TECH_ADVANCED_FLIGHT
327, 0, 405, 0, 45, 3:1, 3:1, NO_TECH
327, 1, 125, 105, 45, 1:0, 2:1, TECH_ADVANCED_FLIGHT
327, 2, 390, 0, 100, 1:0, 1:3, NO_TECH
327, 3, 75, 0, 0, 0:0, 2:1, TECH_SATELLITES
327, 4, 145, 0, 60, 1:0, 1:1, TECH_RIFLING
327, 5, 205, 0, 80, 1:0, 1:1, TECH_ADVANCED_FLIGHT
327, 6, 60, 0, 0, 0:0, 0:1, TECH_ADVANCED_FLIGHT
327, 7, 130, 0, 0, 0:0, 0:1, TECH_CHEMISTRY
327, 8, 0, 0, 60, 0:0, 0:1, NO_TECH
327, 9, 45, 0, 0, 0:0, 0:1, NO_TECH
327, 11, 60, 0, 80, 0:0, 0:1, NO_TECH
327, 12, 0, 0, 0, 0:0, 0:1, NO_TECH
327, 13, 120, 0, 80, 0:0, 0:1, NO_TECH
327, 14, 0, 0, 0, 0:0, 0:1, TECH_ADVANCED_FLIGHT
328, 0, 405, 0, 45, 2:1, 3:1, NO_TECH
328, 1, 125, 165, 75, 1:0, 2:1, TECH_ADVANCED_FLIGHT
328, 2, 390, 0, 120, 1:0, 1:3, NO_TECH
328, 3, 75, 0, 60, 0:0, 2:1, TECH_SATELLITES
328, 4, 145, 0, 60, 1:0, 1:1, TECH_RIFLING
328, 5, 205, 0, 105, 1:0, 1:1, TECH_ADVANCED_FLIGHT
328, 6, 60, 0, 0, 0:0, 0:1, TECH_ADVANCED_FLIGHT
328, 7, 185, 0, 0, 0:0, 0:1, TECH_CHEMISTRY
328, 8, 0, 0, 60, 0:0, 0:1, NO_TECH
328, 9, 45, 0, 0, 0:0, 0:1, NO_TECH
328, 11, 0, 0, 80, 0:0, 0:1, NO_TECH
328, 12, 0, 0, 0, 0:0, 0:1, NO_TECH
328, 13, 120, 0, 80, 0:0, 0:1, NO_TECH
328, 14, 60, 0, 0, 0:0, 0:1, TECH_ADVANCED_FLIGHT
329, 0, 405, 0, 45, 2:1, 3:1, NO_TECH
329, 1, 125, 165, 75, 1:0, 2:1, TECH_ADVANCED_FLIGHT
329, 2, 390, 0, 120, 1:0, 1:3, NO_TECH
329, 3, 75, 0, 60, 0:0, 2:1, TECH_SATELLITES
329, 4, 145, 0, 60, 1:0, 1:1, TECH_RIFLING
329, 5, 205, 0, 105, 1:0, 1:1, TECH_ADVANCED_FLIGHT
329, 6, 60, 0, 0, 0:0, 0:1, TECH_ADVANCED_FLIGHT
329, 7, 185, 0, 0, 0:0, 0:1, TECH_CHEMISTRY
329, 8, 0, 0, 0, 0:0, 0:1, NO_TECH
329, 9, 45, 0, 0, 0:0, 0:1, NO_TECH
329, 11, 0, 0, 80, 0:0, 0:1, NO_TECH
329, 12, 0, 0, 0, 0:0, 0:1, NO_TECH
329, 13, 120, 0, 80, 0:0, 0:1, NO_TECH
329, 14, 60, 0, 0, 0:0, 0:1, TECH_ADVANCED_FLIGHT
330, 0, 405, 60, 45, 2:0, 3:1, NO_TECH
330, 1, 125, 165, 75, 1:0, 2:1, TECH_ADVANCED_FLIGHT
330, 2, 390, 0, 185, 1:0, 1:3, NO_TECH
330, 3, 75, 0, 60, 1:0, 2:1, TECH_SATELLITES
330, 4, 145, 0, 60, 1:0, 1:1, TECH_RIFLING
330, 5, 125, 0, 80, 1:0, 1:1, TECH_SATELLITES
330, 6, 0, 0, 0, 0:0, 0:1, TECH_ADVANCED_FLIGHT
330, 7, 145, 0, 0, 0:0, 0:1, TECH_CHEMISTRY
330, 8, 0, 0, 0, 0:0, 0:1, NO_TECH
330, 9, 45, 0, 0, 0:0, 0:1, NO_TECH
330, 11, 75, 0, 60, 0:0, 0:1, NO_TECH
330, 12, 0, 0, 0, 0:0, 0:1, NO_TECH
330, 13, 120, 0, 80, 0:0, 0:1, NO_TECH
330, 14, 60, 0, 0, 0:0, 0:1, TECH_ADVANCED_FLIGHT
331, 0, 360, 60, 45, 2:0, 3:1, NO_TECH
331, 1, 125, 120, 45, 1:0, 2:1, TECH_ADVANCED_FLIGHT
331, 2, 390, 0, 145, 1:0, 1:3, NO_TECH
331, 3, 75, 0, 0, 0:0, 2:1, TECH_SATELLITES
331, 4, 145, 0, 0, 1:0, 1:1, TECH_RIFLING
331, 5, 75, 0, 80, 1:0, 1:1, TECH_SATELLITES
331, 6, 0, 0, 0, 0:0, 0:1, TECH_ADVANCED_FLIGHT
331, 7, 185, 0, 0, 0:0, 0:1, TECH_CHEMISTRY
331, 8, 0, 0, 0, 0:0, 0:1, NO_TECH
331, 9, 45, 0, 0, 0:0, 0:1, NO_TECH
331, 11, 75, 0, 60, 0:0, 0:1, NO_TECH
331, 12, 0, 0, 0, 0:0, 0:1, NO_TECH
331, 13, 60, 0, 80, 0:0, 0:1, NO_TECH
331, 14, 60, 0, 0, 0:0, 0:1, TECH_ADVANCED_FLIGHT
332, 0, 360, 60, 45, 3:0, 3:1, NO_TECH
332, 1, 125, 120, 45, 1:0, 2:1, TECH_ADVANCED_FLIGHT
332, 2, 390, 65, 185, 1:0, 1:3, NO_TECH
332, 3, 75, 0, 60, 0:0, 2:1, TECH_SATELLITES
332, 4, 120, 0, 0, 1:0, 1:1, TECH_RIFLING
332, 5, 75, 0, 80, 1:0, 1:1, TECH_SATELLITES
332, 6, 75, 0, 0, 0:0, 0:1, TECH_ADVANCED_FLIGHT
332, 7, 185, 0, 0, 0:0, 0:1, TECH_BALLISTICS
332, 8, 60, 0, 0, 0:0, 0:1, NO_TECH
332, 9, 45, 0, 0, 0:0, 0:1, NO_TECH
332, 11, 75, 0, 60, 0:0, 0:1, NO_TECH
332, 12, 0, 0, 0, 0:0, 0:1, NO_TECH
332, 13, 0, 0, 80, 0:0, 0:1, NO_TECH
332, 14, 60, 0, 0, 0:0, 0:1, TECH_ADVANCED_FLIGHT
333, 0, 420, 60, 105, 3:0, 3:1, NO_TECH
333, 1, 125, 120, 75, 1:0, 2:1, TECH_ADVANCED_FLIGHT
333, 2, 390, 65, 185, 1:0, 1:3, NO_TECH
333, 3, 75, 0, 60, 0:0, 2:1, TECH_SATELLITES
333, 4, 120, 0, 75, 1:0, 1:1, TECH_RIFLING
333, 5, 75, 0, 80, 0:0, 1:1, TECH_SATELLITES
333, 6, 0, 0, 0, 0:0, 0:1, TECH_ADVANCED_FLIGHT
333, 7, 185, 0, 0, 0:0, 0:1, TECH_BALLISTICS
333, 8, 60, 0, 0, 0:0, 0:1, NO_TECH
333, 9, 45, 0, 0, 0:0, 0:1, NO_TECH
333, 11, 0, 0, 75, 0:0, 0:1, NO_TECH
333, 12, 0, 0, 0, 0:0, 0:1, NO_TECH
333, 13, 45, 0, 80, 0:0, 0:1, NO_TECH
333, 14, 60, 0, 0, 0:0, 0:1, TECH_ADVANCED_FLIGHT
334, 0, 420, 60, 105, 3:0, 3:1, NO_TECH
334, 1, 125, 120, 110, 1:0, 2:1, TECH_ADVANCED_FLIGHT
334, 2, 390, 65, 185, 1:0, 1:3, NO_TECH
334, 3, 75, 0, 60, 1:0, 2:1, TECH_SATELLITES
334, 4, 120, 0, 0, 1:0, 1:1, TECH_RIFLING
334, 5, 75, 0, 80, 0:0, 1:1, TECH_SATELLITES
334, 6, 0, 0, 0, 0:0, 0:1, TECH_ADVANCED_FLIGHT
334, 7, 140, 0, 0, 0:0, 0:1, NO_TECH
334, 8, 0, 0, 0, 0:0, 0:1, NO_TECH
334, 9, 45, 0, 0, 0:0, 0:1, NO_TECH
334, 11, 0, 0, 75, 0:0, 0:1, NO_TECH
334, 12, 0, 0, 0, 0:0, 0:1, NO_TECH
334, 13, 45, 0, 75, 0:0, 0:1, NO_TECH
334, 14, 60, 0, 0, 0:0, 0:1, TECH_ADVANCED_FLIGHT
335, 0, 360, 60, 60, 3:0, 3:1, NO_TECH
335, 1, 125, 120, 75, 1:0, 2:1, TECH_ADVANCED_FLIGHT
335, 2, 390, 0, 185, 1:0, 1:3, NO_TECH
335, 3, 75, 0, 0, 0:0, 2:1, TECH_SATELLITES
335, 4, 120, 0, 0, 1:0, 1:1, TECH_RIFLING
335, 5, 75, 0, 80, 0:0, 1:1, TECH_SATELLITES
335, 6, 0, 0, 0, 0:0, 0:1, TECH_ADVANCED_FLIGHT
335, 7, 120, 0, 0, 0:0, 0:1, NO_TECH
335, 8, 60, 0, 0, 0:0, 0:1, NO_TECH
335, 9, 45, 0, 0, 0:0, 0:1, NO_TECH
335, 11, 0, 0, 75, 0:0, 0:1, NO_TECH
335, 12, 0, 0, 0, 0:0, 0:1, NO_TECH
335, 13, 45, 0, 50, 0:0, 0:1, NO_TECH
335, 14, 60, 0, 0, 0:0, 0:1, TECH_ADVANCED_FLIGHT
336, 0, 420, 60, 105, 3:0, 3:1, NO_TECH
336, 1, 125, 120, 75, 1:0, 2:1, TECH_ADVANCED_FLIGHT
336, 2, 390, 0, 205, 1:0, 1:3, NO_TECH
336, 3, 75, 0, 0, 0:0, 2:1, TECH_SATELLITES
336, 4, 120, 0, 0, 1:0, 1:1, TECH_RIFLING
336, 5, 75, 0, 80, 0:0, 1:1, TECH_SATELLITES
336, 6, 0, 0, 0, 0:0, 0:1, TECH_ADVANCED_FLIGHT
336, 7, 180, 0, 0, 0:0, 0:1, NO_TECH
336, 8, 60, 0, 0, 0:0, 0:1, NO_TECH
336, 9, 45, 0, 0, 0:0, 0:1, NO_TECH
336, 11, 0, 0, 0, 0:0, 0:1, NO_TECH
336, 12, 0, 0, 0, 0:0, 0:1, NO_TECH
336, 13, 105, 0, 50, 0:0, 0:1, NO_TECH
336, 14, 60, 0, 0, 0:0, 0:1, TECH_ADVANCED_FLIGHT
337, 0, 420, 60, 45, 3:0, 3:1, NO_TECH
337, 1, 125, 180, 75, 1:0, 2:1, TECH_ADVANCED_FLIGHT
337, 2, 390, 0, 210, 1:0, 1:3, NO_TECH
337, 3, 75, 0, 0, 0:0, 2:1, TECH_SATELLITES
337, 4, 120, 0, 0, 1:0, 1:1, TECH_RIFLING
337, 5, 175, 0, 80, 0:0, 1:1, TECH_SATELLITES
337, 6, 0, 0, 0, 0:0, 0:1, TECH_ADVANCED_FLIGHT
337, 7, 255, 0, 0, 0:0, 0:1, NO_TECH
337, 8, 60, 0, 0, 0:0, 0:1, NO_TECH
337, 9, 45, 0, 0, 0:0, 0:1, NO_TECH
337, 11, 75, 0, 0, 0:0, 0:1, NO_TECH
337, 12, 0, 0, 0, 0:0, 0:1, NO_TECH
337, 13, 105, 0, 75, 0:0, 0:1, NO_TECH
337, 14, 60, 0, 0, 0:0, 0:1, TECH_ADVANCED_FLIGHT
338, 0, 420, 60, 105, 3:0, 3:1, NO_TECH
338, 1, 185, 180, 75, 0:0, 2:1, TECH_ADVANCED_FLIGHT
338, 2, 590, 0, 155, 1:0, 1:3, NO_TECH
338, 3, 75, 0, 0, 0:0, 2:1, TECH_SATELLITES
338, 4, 120, 0, 0, 0:0, 1:1, TECH_RIFLING
338, 5, 250, 0, 75, 1:0, 1:1, TECH_SATELLITES
338, 6, 60, 0, 0, 0:0, 0:1, TECH_ADVANCED_FLIGHT
338, 7, 200, 0, 0, 0:0, 0:1, NO_TECH
338, 8, 60, 0, 0, 0:0, 0:1, NO_TECH
338, 9, 45, 0, 0, 0:0, 0:1, NO_TECH
338, 11, 0, 0, 80, 0:0, 0:1, NO_TECH
338, 12, 0, 0, 0, 0:0, 0:1, NO_TECH
338, 13, 105, 0, 75, 0:0, 0:1, NO_TECH
338, 14, 60, 0, 0, 0:0, 0:1, TECH_ADVANCED_FLIGHT
339, 0, 420, 125, 105, 3:0, 3:1, NO_TECH
339, 1, 125, 180, 65, 0:0, 2:1, TECH_ADVANCED_FLIGHT
339, 2, 590, 0, 155, 1:0, 1:3, NO_TECH
339, 3, 75, 0, 0, 0:0, 2:1, TECH_SATELLITES
339, 4, 120, 0, 60, 0:0, 1:1, TECH_RIFLING
339, 5, 250, 0, 75, 1:0, 1:1, TECH_SATELLITES
339, 6, 60, 0, 0, 0:0, 0:1, TECH_ADVANCED_FLIGHT
339, 7, 200, 0, 0, 0:0, 0:1, NO_TECH
339, 8, 60, 0, 60, 0:0, 0:1, NO_TECH
339, 9, 45, 0, 0, 0:0, 0:1, NO_TECH
339, 11, 75, 0, 80, 0:0, 0:1, NO_TECH
339, 12, 0, 0, 0, 0:0, 0:1, NO_TECH
339, 13, 105, 0, 75, 0:0, 0:1, NO_TECH
339, 14, 60, 0, 75, 0:0, 0:1, TECH_ADVANCED_FLIGHT
340, 0, 420, 65, 105, 4:0, 3:1, NO_TECH
340, 1, 125, 180, 65, 0:0, 2:1, TECH_ADVANCED_FLIGHT
340, 2, 590, 0, 215, 1:0, 1:3, NO_TECH
340, 3, 75, 0, 0, 0:0, 2:1, TECH_SATELLITES
340, 4, 65, 0, 60, 0:0, 1:1, TECH_RIFLING
340, 5, 250, 0, 75, 1:0, 1:1, TECH_BALLISTICS
340, 6, 0, 0, 0, 0:0, 0:1, TECH_ADVANCED_FLIGHT
340, 7, 200, 0, 0, 0:0, 0:1, NO_TECH
340, 8, 60, 0, 60, 0:0, 0:1, NO_TECH
340, 9, 45, 0, 0, 0:0, 0:1, NO_TECH
340, 11, 75, 0, 80, 0:0, 0:1, NO_TECH
340, 12, 0, 0, 0, 0:0, 0:1, NO_TECH
340, 13, 135, 0, 75, 0:0, 0:1, NO_TECH
340, 14, 60, 0, 75, 0:0, 0:1, TECH_ADVANCED_FLIGHT
341, 0, 420, 65, 105, 4:0, 3:1, NO_TECH
341, 1, 125, 180, 65, 0:0, 2:1, TECH_ADVANCED_FLIGHT
341, 2, 430, 0, 180, 1:0, 1:3, NO_TECH
341, 3, 75, 0, 0, 0:0, 2:1, TECH_METAL_CASTING
341, 4, 65, 0, 0, 0:0, 1:1, TECH_RIFLING
341, 5, 250, 0, 80, 1:0, 1:1, TECH_BALLISTICS
341, 6, 0, 0, 0, 0:0, 0:1, TECH_ADVANCED_FLIGHT
341, 7, 200, 0, 0, 0:0, 0:1, NO_TECH
341, 8, 60, 0, 120, 0:0, 0:1, NO_TECH
341, 9, 45, 0, 0, 0:0, 0:1, NO_TECH
341, 11, 0, 0, 80, 0:0, 0:1, NO_TECH
341, 12, 0, 0, 0, 0:0, 0:1, NO_TECH
341, 13, 60, 0, 0, 0:0, 0:1, NO_TECH
341, 14, 60, 0, 75, 0:0, 0:1, TECH_ADVANCED_FLIGHT
342, 0, 420, 65, 105, 4:0, 3:1, NO_TECH
342, 1, 125, 240, 65, 0:0, 2:1, TECH_ADVANCED_FLIGHT
342, 2, 430, 0, 180, 1:0, 1:3, NO_TECH
342, 3, 75, 0, 0, 0:0, 2:1, TECH_METAL_CASTING
342, 4, 65, 0, 0, 0:0, 1:1, TECH_RIFLING
342, 5, 250, 0, 80, 1:0, 1:1, TECH_MILITARY_SCIENCE
342, 6, 0, 0, 0, 0:0, 0:1, TECH_ADVANCED_FLIGHT
342, 7, 200, 0, 0, 0:0, 0:1, NO_TECH
342, 8, 60, 0, 60, 0:0, 0:1, NO_TECH
342, 9, 45, 0, 0, 0:0, 0:1, NO_TECH
342, 11, 0, 0, 80, 0:0, 0:1, NO_TECH
342, 12, 0, 0, 0, 0:0, 0:1, NO_TECH
342, 13, 60, 0, 0, 0:0, 0:1, NO_TECH
342, 14, 60, 0, 0, 0:0, 0:1, TECH_ADVANCED_FLIGHT
343, 0, 420, 65, 45, 4:0, 3:1, NO_TECH
343, 1, 125, 240, 65, 0:0, 2:1, TECH_ADVANCED_FLIGHT
343, 2, 430, 0, 135, 1:0, 1:3, NO_TECH
343, 3, 0, 0, 0, 0:0, 2:1, TECH_METAL_CASTING
343, 4, 65, 0, 0, 1:0, 1:1, TECH_RIFLING
343, 5, 250, 0, 80, 1:0, 1:1, TECH_MILITARY_SCIENCE
343, 6, 75, 0, 0, 0:0, 0:1, TECH_ADVANCED_FLIGHT
343, 7, 200, 0, 0, 0:0, 0:1, NO_TECH
343, 8, 60, 0, 60, 0:0, 0:1, NO_TECH
343, 9, 45, 0, 0, 0:0, 0:1, NO_TECH
343, 11, 0, 0, 80, 0:0, 0:1, NO_TECH
343, 12, 0, 0, 0, 0:0, 0:1, NO_TECH
343, 13, 60, 0, 0, 0:0, 0:1, NO_TECH
343, 14, 60, 0, 0, 0:0, 0:1, TECH_ADVANCED_FLIGHT
344, 0, 420, 65, 45, 4:0, 3:1, NO_TECH
344, 1, 125, 240, 65, 0:0, 2:1, TECH_ADVANCED_FLIGHT
344, 2, 430, 0, 75, 1:0, 1:3, NO_TECH
344, 3, 175, 0, 0, 0:0, 2:1, TECH_METAL_CASTING
344, 4, 0, 0, 75, 0:0, 1:1, TECH_RIFLING
344, 5, 250, 0, 80, 1:0, 1:1, TECH_MILITARY_SCIENCE
344, 6, 75, 0, 0, 0:0, 0:1, NO_TECH
344, 7, 200, 0, 0, 0:0, 0:1, NO_TECH
344, 8, 60, 0, 60, 0:0, 0:1, NO_TECH
344, 9, 45, 0, 0, 0:0, 0:1, NO_TECH
344, 11, 0, 0, 80, 0:0, 0:1, NO_TECH
344, 12, 0, 0, 0, 0:0, 0:1, NO_TECH
344, 13, 60, 0, 0, 0:0, 0:1, NO_TECH
344, 14, 60, 0, 0, 0:0, 0:1, TECH_ADVANCED_FLIGHT
345, 0, 420, 65, 45, 4:0, 3:1, NO_TECH
345, 1, 125, 300, 65, 0:0, 2:1, TECH_ADVANCED_FLIGHT
345, 2, 430, 0, 75, 1:0, 1:3, NO_TECH
345, 3, 175, 0, 0, 0:0, 2:1, TECH_METAL_CASTING
345, 4, 60, 0, 75, 0:0, 1:3, TECH_RIFLING
345, 5, 250, 0, 80, 1:0, 1:1, NO_TECH
345, 6, 75, 0, 0, 0:0, 0:1, NO_TECH
345, 7, 200, 0, 0, 0:0, 0:1, NO_TECH
345, 8, 60, 0, 60, 0:0, 0:1, NO_TECH
345, 9, 45, 0, 100, 0:0, 0:1, NO_TECH
345, 11, 0, 0, 80, 0:0, 0:1, NO_TECH
345, 12, 0, 0, 0, 0:0, 0:1, NO_TECH
345, 13, 60, 0, 0, 0:0, 0:1, NO_TECH
345, 14, 60, 0, 0, 0:0, 0:1, TECH_ADVANCED_FLIGHT
346, 0, 420, 65, 105, 4:0, 3:1, NO_TECH
346, 1, 60, 300, 75, 0:0, 2:1, TECH_ADVANCED_FLIGHT
346, 2, 530, 0, 75, 1:0, 1:3, NO_TECH
346, 3, 175, 0, 0, 0:0, 2:1, TECH_METAL_CASTING
346, 4, 60, 0, 75, 0:0, 1:1, TECH_RIFLING
346, 5, 250, 0, 60, 1:0, 1:1, NO_TECH
346, 6, 135, 0, 0, 0:0, 0:1, NO_TECH
346, 7, 200, 0, 0, 0:0, 0:1, NO_TECH
346, 8, 60, 0, 60, 0:0, 0:1, NO_TECH
346, 9, 45, 0, 100, 0:0, 0:1, NO_TECH
346, 11, 60, 0, 60, 0:0, 0:1, NO_TECH
346, 12, 0, 0, 0, 0:0, 0:1, NO_TECH
346, 13, 120, 0, 60, 0:0, 0:1, NO_TECH
346, 14, 60, 0, 0, 0:0, 0:1, TECH_ADVANCED_FLIGHT
347, 0, 420, 0, 105, 4:0, 3:1, NO_TECH
347, 1, 60, 360, 75, 0:0, 2:1, TECH_ADVANCED_FLIGHT
347, 2, 530, 0, 135, 1:0, 1:3, NO_TECH
347, 3, 100, 0, 60, 0:0, 2:1, TECH_METAL_CASTING
347, 4, 60, 0, 135, 0:0, 1:3, TECH_RIFLING
347, 5, 250, 0, 60, 1:0, 1:1, NO_TECH
347, 6, 75, 0, 0, 0:0, 0:1, NO_TECH
347, 7, 200, 65, 0, 0:0, 0:1, TECH_SATELLITES
347, 8, 60, 0, 60, 0:0, 0:1, NO_TECH
347, 9, 45, 0, 100, 0:0, 0:1, NO_TECH
347, 11, 60, 0, 75, 0:0, 0:1, NO_TECH
347, 12, 0, 0, 0, 0:0, 0:1, NO_TECH
347, 13, 135, 0, 60, 0:0, 0:1, NO_TECH
347, 14, 60, 0, 0, 0:0, 0:1, TECH_ADVANCED_FLIGHT
348, 0, 360, 0, 60, 4:0, 3:1, NO_TECH
348, 1, 60, 300, 75, 0:0, 2:3, TECH_ADVANCED_FLIGHT
348, 2, 530, 65, 200, 1:0, 1:3, NO_TECH
348, 3, 175, 0, 60, 0:0, 2:1, TECH_METAL_CASTING
348, 4, 120, 0, 75, 0:0, 1:1, TECH_RIFLING
348, 5, 250, 0, 135, 1:0, 1:1, NO_TECH
348, 6, 75, 0, 0, 0:0, 0:1, NO_TECH
348, 7, 200, 65, 0, 0:0, 0:1, TECH_SATELLITES
348, 8, 60, 0, 60, 0:0, 0:1, NO_TECH
348, 9, 45, 0, 100, 0:0, 0:1, NO_TECH
348, 11, 60, 0, 75, 0:0, 0:1, NO_TECH
348, 12, 0, 0, 0, 0:0, 0:1, NO_TECH
348, 13, 135, 0, 75, 0:0, 0:1, NO_TECH
348, 14, 60, 0, 0, 0:0, 0:1, TECH_ADVANCED_FLIGHT
349, 0, 420, 0, 60, 4:0, 3:1, NO_TECH
349, 1, 60, 300, 75, 0:0, 2:1, TECH_ADVANCED_FLIGHT
349, 2, 530, 130, 245, 1:0, 1:3, NO_TECH
349, 3, 175, 0, 60, 0:0, 2:1, TECH_METAL_CASTING
349, 4, 245, 0, 75, 2:0, 1:3, TECH_RIFLING
349, 5, 250, 0, 135, 1:0, 1:1, NO_TECH
349, 6, 75, 0, 0, 0:0, 0:1, TECH_ADVANCED_FLIGHT
349, 7, 200, 130, 0, 0:0, 0:1, TECH_SATELLITES
349, 8, 60, 0, 65, 0:0, 0:1, NO_TECH
349, 9, 45, 0, 0, 0:0, 0:1, NO_TECH
349, 11, 60, 0, 75, 0:0, 0:1, NO_TECH
349, 12, 0, 0, 0, 0:0, 0:1, NO_TECH
349, 13, 75, 0, 75, 0:0, 0:1, NO_TECH
349, 14, 60, 0, 0, 0:0, 0:1, TECH_ADVANCED_FLIGHT
350, 0, 420, 155, 60, 4:0, 3:1, NO_TECH
350, 1, 60, 360, 75, 0:0, 2:3, TECH_ADVANCED_FLIGHT
350, 2, 530, 130, 290, 1:0, 1:3, NO_TECH
350, 3, 175, 0, 0, 0:0, 2:1, TECH_METAL_CASTING
350, 4, 185, 0, 75, 0:0, 1:1, TECH_RIFLING
350, 5, 250, 0, 75, 1:0, 1:1, NO_TECH
350, 6, 75, 0, 0, 0:0, 0:1, TECH_ADVANCED_FLIGHT
350, 7, 200, 130, 0, 0:0, 0:1, TECH_SATELLITES
350, 8, 60, 0, 65, 0:0, 0:1, NO_TECH
350, 9, 45, 0, 100, 0:0, 0:1, NO_TECH
350, 11, 60, 0, 75, 0:0, 0:1, NO_TECH
350, 12, 0, 0, 0, 0:0, 0:1, NO_TECH
350, 13, 75, 0, 75, 0:0, 0:1, NO_TECH
350, 14, 60, 0, 0, 0:0, 0:1, TECH_ADVANCED_FLIGHT
351, 0, 420, 155, 60, 4:0, 3:1, NO_TECH
351, 1, 60, 360, 75, 0:0, 2:1, TECH_ADVANCED_FLIGHT
351, 2, 530, 130, 290, 1:0, 1:3, NO_TECH
351, 3, 100, 0, 65, 0:0, 2:1, TECH_METAL_CASTING
351, 4, 125, 0, 75, 0:0, 1:3, TECH_RIFLING
351, 5, 250, 0, 75, 1:0, 1:1, NO_TECH
351, 6, 75, 0, 0, 0:0, 0:1, TECH_ADVANCED_FLIGHT
351, 7, 125, 130, 0, 0:0, 0:1, TECH_SATELLITES
351, 8, 60, 0, 65, 0:0, 0:1, NO_TECH
351, 9, 45, 0, 100, 0:0, 0:1, NO_TECH
351, 11, 60, 0, 75, 0:0, 0:1, NO_TECH
351, 12, 0, 0, 0, 0:0, 0:1, NO_TECH
351, 13, 75, 0, 60, 0:0, 0:1, NO_TECH
351, 14, 135, 0, 0, 0:0, 0:1, TECH_ADVANCED_FLIGHT
352, 0, 420, 155, 60, 4:0, 3:1, NO_TECH
352, 1, 60, 130, 360, 0:0, 2:1, TECH_ADVANCED_FLIGHT
352, 2, 530, 130, 215, 1:0, 1:3, NO_TECH
352, 3, 100, 0, 75, 0:0, 2:1, TECH_METAL_CASTING
352, 4, 125, 0, 120, 0:0, 1:3, TECH_RIFLING
352, 5, 250, 0, 75, 1:0, 1:1, NO_TECH
352, 6, 0, 0, 0, 0:0, 0:1, TECH_ADVANCED_FLIGHT
352, 7, 125, 130, 0, 0:0, 0:1, TECH_SATELLITES
352, 8, 60, 120, 0, 0:0, 0:1, TECH_ADVANCED_FLIGHT
352, 9, 45, 0, 100, 0:0, 0:1, NO_TECH
352, 11, 60, 0, 0, 0:0, 0:1, NO_TECH
352, 12, 0, 0, 0, 0:0, 0:1, NO_TECH
352, 13, 75, 0, 60, 0:0, 0:1, NO_TECH
352, 14, 135, 0, 0, 0:0, 0:1, TECH_ADVANCED_FLIGHT
353, 0, 360, 155, 0, 4:0, 3:1, NO_TECH
353, 1, 140, 130, 360, 0:0, 2:1, TECH_ADVANCED_FLIGHT
353, 2, 530, 65, 215, 1:0, 1:3, NO_TECH
353, 3, 100, 0, 75, 0:0, 2:1, TECH_METAL_CASTING
353, 4, 120, 0, 120, 0:0, 1:1, TECH_RIFLING
353, 5, 350, 0, 75, 1:0, 1:1, NO_TECH
353, 6, 0, 0, 0, 0:0, 0:1, TECH_ADVANCED_FLIGHT
353, 7, 125, 65, 0, 0:0, 0:1, TECH_SATELLITES
353, 8, 60, 120, 0, 0:0, 0:1, TECH_ADVANCED_FLIGHT
353, 9, 45, 0, 100, 0:0, 0:1, NO_TECH
353, 11, 135, 0, 0, 0:0, 0:1, NO_TECH
353, 12, 0, 0, 0, 0:0, 0:1, NO_TECH
353, 13, 75, 0, 60, 0:0, 0:1, NO_TECH
353, 14, 135, 0, 0, 0:0, 0:1, TECH_ADVANCED_FLIGHT
354, 0, 360, 45, 0, 4:0, 3:1, NO_TECH
