Game Turn, Attacking Civ, DefendingCiv, AttackerObjType, DefenderObjType, Attacker Type, Defender Type, AttackerID, DefenderID, AttackerStr, DefenderStr, AttackerStrMod, DefenderStrMod, AttackerDmg, DefenderDmg
227, 1, 63, 3:1, 1245202:15859747, DISTRICT_CITY_CENTER, DISTRICT_CITY_CENTER, 40, 45, 0, -2, 0, 32
227, 8, 0, 3:1, 65536:1638405, DISTRICT_CITY_CENTER, DISTRICT_CITY_CENTER, 40, 15, -10, 6, 0, 34
227, 63, 6, 1:1, 327684:1179652, UNIT_SPEARMAN, UNIT_PIKEMAN, 25, 45, 4, 4, 69, 16
227, 63, 6, 1:1, 16973827:1179652, UNIT_MUSKETMAN, UNIT_PIKEMAN, 55, 45, 7, -3, 16, 64
227, 63, 11, 1:1, 16449595:720902, UNIT_TREBUCHET, UNIT_MAN_AT_ARMS, 45, 30, -21, -5, 0, 26
228, 0, 8, 1:3, 1638405:65536, UNIT_ARCHER, UNKNOWN, 25, 35, -10, 17, 0, 6
228, 2, 3, 1:1, 2818053:2752521, UNIT_APOSTLE, UNIT_APOSTLE, 110, 110, 0, 0, 25, 28
228, 3, 2, 1:1, 2752521:2818053, UNIT_APOSTLE, UNIT_APOSTLE, 110, 110, -3, -3, 25, 28
228, 63, 11, 1:1, 16449595:720902, UNIT_TREBUCHET, UNIT_MAN_AT_ARMS, 45, 30, -21, -7, 0, 36
229, 0, 8, 1:3, 1638405:65536, UNIT_ARCHER, UNKNOWN, 25, 35, -10, 14, 0, 9
229, 0, 8, 1:3, 1638405:65536, UNIT_ARCHER, UNKNOWN, 25, 35, -10, 14, 0, 9
229, 1, 63, 3:1, 65536:17367090, DISTRICT_CITY_CENTER, DISTRICT_CITY_CENTER, 40, 45, 0, 0, 0, 29
229, 2, 3, 1:1, 2818053:2752521, UNIT_APOSTLE, UNIT_APOSTLE, 110, 110, -6, -6, 33, 24
229, 3, 2, 1:1, 2752521:2818053, UNIT_APOSTLE, UNIT_APOSTLE, 110, 110, -8, -9, 22, 33
230, 0, 8, 1:3, 1638405:65536, UNIT_ARCHER, UNKNOWN, 25, 35, -10, 14, 0, 7
230, 0, 8, 1:3, 1638405:65536, UNIT_ARCHER, UNKNOWN, 25, 35, -10, 14, 0, 9
230, 1, 63, 3:1, 65536:17367090, DISTRICT_CITY_CENTER, DISTRICT_CITY_CENTER, 40, 45, 0, -3, 0, 22
230, 1, 63, 3:1, 1376276:17367090, DISTRICT_ENCAMPMENT, DISTRICT_ENCAMPMENT, 40, 45, 0, -5, 0, 33
231, 0, 8, 1:3, 1638405:65536, UNIT_ARCHER, UNKNOWN, 25, 35, -10, 14, 0, 9
231, 0, 8, 1:3, 1638405:65536, UNIT_ARCHER, UNKNOWN, 25, 35, -10, 14, 0, 8
231, 1, 63, 3:1, 65536:17367090, DISTRICT_CITY_CENTER, DISTRICT_CITY_CENTER, 40, 45, 0, -8, 0, 30
232, 1, 63, 3:1, 65536:17301556, DISTRICT_CITY_CENTER, DISTRICT_CITY_CENTER, 40, 45, 0, 3, 0, 22
233, 1, 63, 3:1, 65536:17301556, DISTRICT_CITY_CENTER, DISTRICT_CITY_CENTER, 40, 45, 0, 1, 0, 24
233, 63, 11, 1:1, 16449595:786433, UNIT_TREBUCHET, UNIT_TREBUCHET, 45, 30, -21, 7, 0, 21
233, 63, 5, 1:1, 17170477:1572864, UNIT_MUSKETMAN, UNIT_PIKEMAN, 55, 45, 9, 0, 12, 69
234, 0, 63, 3:1, 65536:9633854, DISTRICT_CITY_CENTER, DISTRICT_CITY_CENTER, 25, 30, 0, -6, 0, 27
234, 0, 8, 1:3, 2818059:65536, UNIT_NORWEGIAN_BERSERKER, UNKNOWN, 48, 35, 14, 14, 20, 41
234, 63, 7, 1:1, 17235987:1114115, UNIT_CROSSBOWMAN, UNIT_TREBUCHET, 40, 35, 0, 6, 0, 30
235, 0, 8, 1:3, 2818059:65536, UNIT_NORWEGIAN_BERSERKER, UNKNOWN, 48, 35, 12, 13, 16, 43
235, 7, 63, 1:1, 1114115:17104912, UNIT_TREBUCHET, UNIT_SCOUT, 45, 10, -19, 0, 0, 58
235, 14, 2, 1:1, 720902:524288, UNIT_PIKEMAN, UNIT_SCOUT, 45, 10, 0, 3, 9, 100
235, 63, 7, 1:1, 17235987:1114115, UNIT_CROSSBOWMAN, UNIT_TREBUCHET, 40, 35, 0, 1, 0, 34
236, 1, 63, 3:1, 65536:17301556, DISTRICT_CITY_CENTER, DISTRICT_CITY_CENTER, 40, 45, 0, -5, 0, 27
236, 63, 11, 1:1, 17235987:524293, UNIT_CROSSBOWMAN, UNIT_GALLEY, 40, 30, 0, -7, 0, 48
237, 0, 8, 1:3, 2818059:65536, UNIT_NORWEGIAN_BERSERKER, UNKNOWN, 48, 35, 11, 13, 19, 45
237, 1, 63, 3:1, 65536:17301556, DISTRICT_CITY_CENTER, DISTRICT_CITY_CENTER, 40, 45, 0, -7, 0, 36
237, 8, 0, 1:1, 1114116:1638405, UNIT_CROSSBOWMAN, UNIT_ARCHER, 40, 15, 0, 6, 0, 69
237, 63, 7, 1:1, 17235987:1114115, UNIT_CROSSBOWMAN, UNIT_TREBUCHET, 40, 35, 0, 1, 0, 31
238, 8, 0, 1:1, 1114116:1638405, UNIT_CROSSBOWMAN, UNIT_ARCHER, 40, 15, 0, -4, 0, 86
238, 63, 2, 1:1, 16449595:2686983, UNIT_TREBUCHET, UNIT_KNIGHT, 45, 50, -21, -1, 0, 13
238, 63, 2, 1:1, 17235987:2686983, UNIT_CROSSBOWMAN, UNIT_KNIGHT, 40, 50, 0, -2, 0, 17
239, 2, 63, 1:1, 2686983:16449595, UNIT_KNIGHT, UNIT_TREBUCHET, 50, 35, -14, 1, 26, 29
239, 63, 2, 1:1, 16449595:2686983, UNIT_TREBUCHET, UNIT_KNIGHT, 45, 50, -24, -6, 0, 11
239, 63, 2, 1:1, 17235987:2686983, UNIT_CROSSBOWMAN, UNIT_KNIGHT, 40, 50, 0, -7, 0, 28
239, 63, 5, 1:1, 16842824:1572864, UNIT_MUSKETMAN, UNIT_PIKEMAN, 55, 45, 7, -7, 10, 61
243, 0, 8, 1:3, 3342346:65536, UNIT_MUSKETMAN, UNKNOWN, 55, 35, 4, 14, 20, 35
244, 0, 8, 1:3, 3342346:65536, UNIT_MUSKETMAN, UNKNOWN, 55, 35, 2, 15, 21, 43
245, 0, 8, 1:3, 3342346:65536, UNIT_MUSKETMAN, UNKNOWN, 55, 35, 0, 14, 20, 35
245, 3, 63, 3:1, 65536:17170477, DISTRICT_CITY_CENTER, DISTRICT_CITY_CENTER, 25, 55, 0, -1, 0, 8
246, 3, 63, 3:1, 65536:17170477, DISTRICT_CITY_CENTER, DISTRICT_CITY_CENTER, 25, 55, 0, -2, 0, 12
246, 7, 63, 1:1, 1114115:16449595, UNIT_TREBUCHET, UNIT_TREBUCHET, 45, 35, -17, -7, 0, 32
247, 3, 63, 3:1, 65536:17170477, DISTRICT_CITY_CENTER, DISTRICT_CITY_CENTER, 25, 55, 0, -3, 0, 9
247, 4, 63, 1:1, 3080195:16973827, UNIT_KNIGHT, UNIT_MUSKETMAN, 50, 55, 0, -1, 29, 20
248, 3, 63, 3:1, 65536:17170477, DISTRICT_CITY_CENTER, DISTRICT_CITY_CENTER, 25, 55, 0, -4, 0, 9
248, 4, 63, 1:1, 2686982:16973827, UNIT_BOMBARD, UNIT_MUSKETMAN, 55, 55, -17, -3, 0, 15
248, 7, 63, 1:1, 1114115:17235987, UNIT_TREBUCHET, UNIT_CROSSBOWMAN, 45, 30, -10, 0, 0, 34
249, 3, 63, 3:1, 65536:17170477, DISTRICT_CITY_CENTER, DISTRICT_CITY_CENTER, 25, 55, 0, -5, 0, 9
249, 4, 63, 1:1, 2686982:16973827, UNIT_BOMBARD, UNIT_MUSKETMAN, 55, 55, -17, -4, 0, 21
249, 4, 63, 1:1, 3538954:16973827, UNIT_MUSKETMAN, UNIT_MUSKETMAN, 55, 55, 2, -6, 25, 41
250, 3, 63, 3:1, 65536:17170477, DISTRICT_CITY_CENTER, DISTRICT_CITY_CENTER, 25, 55, 0, -6, 0, 13
250, 4, 63, 1:1, 3080195:17563702, UNIT_KNIGHT, UNIT_MUSKETMAN, 50, 55, -1, 0, 35, 23
250, 63, 4, 1:1, 17563702:3080195, UNIT_MUSKETMAN, UNIT_KNIGHT, 55, 50, -2, 0, 30, 38
251, 3, 63, 3:1, 65536:17170477, DISTRICT_CITY_CENTER, DISTRICT_CITY_CENTER, 25, 55, 0, -7, 0, 10
251, 4, 63, 1:1, 2686982:17563702, UNIT_BOMBARD, UNIT_MUSKETMAN, 55, 55, -17, -5, 0, 21
252, 3, 63, 3:1, 65536:17170477, DISTRICT_CITY_CENTER, DISTRICT_CITY_CENTER, 25, 55, 0, -8, 0, 14
253, 3, 63, 3:1, 65536:17170477, DISTRICT_CITY_CENTER, DISTRICT_CITY_CENTER, 25, 55, 0, -10, 0, 13
253, 4, 63, 1:1, 3538954:17563702, UNIT_MUSKETMAN, UNIT_MUSKETMAN, 55, 55, 0, -4, 24, 38
254, 4, 63, 1:1, 3538954:16580674, UNIT_MUSKETMAN, UNIT_MUSKETMAN, 55, 55, -3, -8, 24, 38
256, 2, 5, 3:1, 1310738:2359301, DISTRICT_CITY_CENTER, DISTRICT_CITY_CENTER, 15, 30, 0, 0, 0, 17
256, 63, 7, 1:1, 16449595:1114115, UNIT_TREBUCHET, UNIT_TREBUCHET, 45, 35, -27, 10, 0, 9
256, 63, 7, 1:1, 17235987:1114115, UNIT_CROSSBOWMAN, UNIT_TREBUCHET, 40, 35, -3, 9, 0, 21
257, 2, 5, 3:1, 1310738:2359301, DISTRICT_CITY_CENTER, DISTRICT_CITY_CENTER, 15, 30, 0, -2, 0, 15
257, 4, 63, 1:1, 3080195:327684, UNIT_KNIGHT, UNIT_SPEARMAN, 50, 25, 15, 9, 8, 100
257, 63, 7, 1:1, 16449595:1114115, UNIT_TREBUCHET, UNIT_TREBUCHET, 45, 35, -27, 10, 0, 11
257, 63, 7, 1:1, 17235987:1114115, UNIT_CROSSBOWMAN, UNIT_TREBUCHET, 40, 35, -3, 9, 0, 22
258, 2, 3, 1:1, 3735561:3932172, UNIT_INQUISITOR, UNIT_MISSIONARY, 75, 100, 40, 0, 19, 45
258, 4, 63, 1:1, 3080195:9109522, UNIT_KNIGHT, UNIT_SCOUT, 50, 10, -1, -5, 6, 100
258, 63, 7, 1:1, 16449595:1114115, UNIT_TREBUCHET, UNIT_TREBUCHET, 45, 35, -27, 11, 0, 12
258, 63, 7, 1:1, 17235987:1114115, UNIT_CROSSBOWMAN, UNIT_TREBUCHET, 40, 35, -3, 10, 0, 23
258, 63, 7, 1:1, 17498162:1114115, UNIT_CROSSBOWMAN, UNIT_TREBUCHET, 40, 35, 0, 7, 0, 25
260, 2, 3, 1:1, 3604484:3932172, UNIT_INQUISITOR, UNIT_MISSIONARY, 75, 100, 35, -5, 16, 51
261, 2, 5, 3:1, 1310738:2424835, DISTRICT_CITY_CENTER, DISTRICT_CITY_CENTER, 15, 30, 0, 0, 0, 16
262, 1, 63, 3:1, 1245202:15859747, DISTRICT_CITY_CENTER, DISTRICT_CITY_CENTER, 40, 45, 0, -8, 0, 30
262, 2, 5, 3:1, 1310738:2424835, DISTRICT_CITY_CENTER, DISTRICT_CITY_CENTER, 15, 30, 0, -2, 0, 20
262, 3, 63, 3:1, 65536:17432628, DISTRICT_CITY_CENTER, DISTRICT_CITY_CENTER, 25, 55, 0, 0, 0, 11
263, 1, 0, 3:1, 589832:3866627, DISTRICT_CITY_CENTER, DISTRICT_CITY_CENTER, 40, 50, 0, 0, 0, 18
263, 1, 3, 1:1, 3538944:3670017, UNIT_APOSTLE, UNIT_MISSIONARY, 110, 100, 0, 0, 22, 35
263, 2, 5, 3:1, 1310738:2424835, DISTRICT_CITY_CENTER, DISTRICT_CITY_CENTER, 15, 30, 0, -3, 0, 21
263, 3, 63, 3:1, 65536:17432628, DISTRICT_CITY_CENTER, DISTRICT_CITY_CENTER, 25, 55, 0, -1, 0, 11
265, 0, 63, 3:1, 65536:9633854, DISTRICT_CITY_CENTER, DISTRICT_CITY_CENTER, 30, 30, 5, -8, 0, 47
265, 2, 3, 1:1, 3735561:3932172, UNIT_INQUISITOR, UNIT_MISSIONARY, 75, 100, 40, -10, 12, 65
265, 3, 63, 3:1, 65536:17432628, DISTRICT_CITY_CENTER, DISTRICT_CITY_CENTER, 25, 55, 0, -2, 0, 9
266, 3, 63, 3:1, 65536:17432628, DISTRICT_CITY_CENTER, DISTRICT_CITY_CENTER, 25, 55, 0, -3, 0, 12
267, 2, 5, 3:1, 1310738:2424835, DISTRICT_CITY_CENTER, DISTRICT_CITY_CENTER, 15, 30, 0, 0, 0, 17
267, 2, 5, 1:1, 4063243:2424835, UNIT_BIPLANE, UNIT_CHINESE_CROUCHING_TIGER, 75, 30, 5, -2, 0, 100
268, 0, 63, 3:1, 65536:7405626, DISTRICT_CITY_CENTER, DISTRICT_CITY_CENTER, 30, 30, 5, -2, 0, 41
269, 0, 63, 3:1, 65536:7405626, DISTRICT_CITY_CENTER, DISTRICT_CITY_CENTER, 30, 30, 5, -1, 0, 41
270, 2, 5, 1:1, 4063243:2162688, UNIT_BIPLANE, UNIT_CHINESE_CROUCHING_TIGER, 75, 30, 5, 0, 0, 100
272, 7, 63, 3:1, 65536:17760322, DISTRICT_CITY_CENTER, DISTRICT_CITY_CENTER, 40, 55, 0, 3, 0, 12
272, 7, 63, 1:1, 983045:17760322, UNIT_CROSSBOWMAN, UNIT_MUSKETMAN, 40, 55, 5, 2, 0, 18
273, 7, 63, 3:1, 65536:17760322, DISTRICT_CITY_CENTER, DISTRICT_CITY_CENTER, 40, 55, 0, 0, 0, 17
273, 7, 63, 1:1, 983045:17760322, UNIT_CROSSBOWMAN, UNIT_MUSKETMAN, 40, 55, 5, -2, 0, 20
274, 3, 63, 3:1, 65536:17694774, DISTRICT_CITY_CENTER, DISTRICT_CITY_CENTER, 25, 30, 0, 0, 0, 21
274, 7, 63, 3:1, 65536:17760322, DISTRICT_CITY_CENTER, DISTRICT_CITY_CENTER, 40, 55, 0, -4, 0, 21
275, 0, 63, 3:1, 65536:7405626, DISTRICT_CITY_CENTER, DISTRICT_CITY_CENTER, 30, 30, 5, -5, 0, 38
275, 3, 63, 3:1, 65536:17694774, DISTRICT_CITY_CENTER, DISTRICT_CITY_CENTER, 25, 30, 0, -2, 0, 29
275, 7, 63, 3:1, 65536:17760322, DISTRICT_CITY_CENTER, DISTRICT_CITY_CENTER, 40, 55, 0, -6, 0, 24
275, 63, 7, 1:1, 18022404:983045, UNIT_MUSKETMAN, UNIT_CROSSBOWMAN, 55, 30, 0, 3, 11, 57
276, 0, 1, 1:3, 4128775:589832, UNIT_KNIGHT, UNKNOWN, 50, 35, 0, 13, 26, 1
276, 1, 0, 3:1, 65536:3866627, DISTRICT_CITY_CENTER, DISTRICT_CITY_CENTER, 40, 50, 0, 0, 0, 24
276, 1, 0, 3:1, 589832:4128775, DISTRICT_CITY_CENTER, DISTRICT_CITY_CENTER, 40, 50, 0, -3, 0, 19
276, 3, 63, 3:1, 65536:17694774, DISTRICT_CITY_CENTER, DISTRICT_CITY_CENTER, 25, 30, 0, -5, 0, 24
276, 7, 63, 1:1, 983045:18022404, UNIT_CROSSBOWMAN, UNIT_MUSKETMAN, 40, 55, -1, 5, 0, 11
276, 63, 7, 1:1, 17498162:983045, UNIT_CROSSBOWMAN, UNIT_CROSSBOWMAN, 40, 30, 0, -3, 0, 52
277, 0, 1, 1:3, 3866627:65536, UNIT_KNIGHT, UNKNOWN, 50, 35, -2, 23, 52, 1
277, 1, 0, 3:1, 65536:3866627, DISTRICT_CITY_CENTER, DISTRICT_CITY_CENTER, 40, 50, 0, -5, 0, 27
277, 1, 0, 3:1, 589832:4128775, DISTRICT_CITY_CENTER, DISTRICT_CITY_CENTER, 40, 50, 0, -1, 0, 24
277, 3, 63, 3:1, 65536:17694774, DISTRICT_CITY_CENTER, DISTRICT_CITY_CENTER, 25, 30, 0, -7, 0, 27
278, 0, 1, 1:3, 4063240:589832, UNIT_KNIGHT, UNKNOWN, 50, 35, 0, 13, 26, 1
278, 1, 0, 3:1, 589832:4128775, DISTRICT_CITY_CENTER, DISTRICT_CITY_CENTER, 40, 50, 0, 2, 0, 22
278, 3, 63, 3:1, 65536:16842824, DISTRICT_CITY_CENTER, DISTRICT_CITY_CENTER, 25, 55, 0, -1, 0, 10
279, 0, 1, 1:3, 4063240:589832, UNIT_KNIGHT, UNKNOWN, 50, 35, -3, 13, 36, 1
279, 0, 1, 1:3, 4259850:589832, UNIT_KNIGHT, UNKNOWN, 50, 35, 0, 13, 28, 1
279, 1, 0, 3:1, 589832:4063240, DISTRICT_CITY_CENTER, DISTRICT_CITY_CENTER, 40, 50, 0, -6, 0, 20
279, 1, 0, 3:1, 1179665:4259850, DISTRICT_ENCAMPMENT, DISTRICT_ENCAMPMENT, 40, 50, 0, -3, 0, 26
279, 2, 3, 1:1, 4259850:4915200, UNIT_INQUISITOR, UNIT_MISSIONARY, 75, 100, 42, 0, 17, 52
279, 2, 3, 1:1, 3670019:4915200, UNIT_INQUISITOR, UNIT_MISSIONARY, 75, 100, 42, -6, 14, 64
280, 2, 14, 1:1, 4063243:786433, UNIT_BIPLANE, UNIT_TREBUCHET, 75, 35, 5, 0, 0, 100
280, 3, 63, 3:1, 65536:16842824, DISTRICT_CITY_CENTER, DISTRICT_CITY_CENTER, 25, 55, 0, -2, 0, 10
281, 2, 14, 1:1, 4063243:851970, UNIT_BIPLANE, UNIT_PIKEMAN, 75, 45, 5, 0, 0, 100
281, 3, 63, 3:1, 65536:16842824, DISTRICT_CITY_CENTER, DISTRICT_CITY_CENTER, 25, 55, 0, -3, 0, 9
282, 2, 3, 1:1, 3670019:4128781, UNIT_INQUISITOR, UNIT_MISSIONARY, 75, 100, 42, 0, 13, 64
282, 2, 3, 1:1, 4390924:4128781, UNIT_INQUISITOR, UNIT_MISSIONARY, 75, 100, 42, -7, 10, 84
282, 3, 63, 3:1, 65536:16842824, DISTRICT_CITY_CENTER, DISTRICT_CITY_CENTER, 25, 55, 0, -4, 0, 12
284, 1, 0, 3:1, 589832:4259850, DISTRICT_CITY_CENTER, DISTRICT_CITY_CENTER, 40, 50, 0, 3, 0, 16
285, 0, 1, 1:3, 4259850:589832, UNIT_KNIGHT, UNKNOWN, 50, 35, -2, 13, 31, 2
285, 0, 1, 1:3, 4128775:589832, UNIT_KNIGHT, UNKNOWN, 50, 35, -2, 13, 30, 2
285, 1, 0, 3:1, 589832:4259850, DISTRICT_CITY_CENTER, DISTRICT_CITY_CENTER, 40, 50, -1, -5, 0, 26
285, 1, 0, 3:1, 1179665:4128775, DISTRICT_ENCAMPMENT, DISTRICT_ENCAMPMENT, 40, 50, 0, -5, 0, 20
285, 13, 63, 1:1, 851972:16842824, UNIT_PIKEMAN, UNIT_MUSKETMAN, 45, 55, 0, 3, 46, 17
285, 63, 13, 1:1, 16842824:851972, UNIT_MUSKETMAN, UNIT_PIKEMAN, 55, 45, -2, -5, 18, 53
286, 0, 1, 1:3, 4063240:589832, UNIT_KNIGHT, UNKNOWN, 50, 35, -2, 13, 32, 3
286, 1, 0, 3:1, 589832:4063240, DISTRICT_CITY_CENTER, DISTRICT_CITY_CENTER, 40, 50, -1, -5, 0, 22
287, 0, 1, 1:3, 4390923:589832, UNIT_KNIGHT, UNKNOWN, 50, 35, 0, 13, 24, 3
287, 0, 1, 1:3, 4128775:589832, UNIT_KNIGHT, UNKNOWN, 50, 35, -2, 13, 32, 3
287, 1, 0, 3:1, 589832:4128775, DISTRICT_CITY_CENTER, DISTRICT_CITY_CENTER, 40, 50, -1, 5, 0, 14
287, 1, 0, 3:1, 1179665:4390923, DISTRICT_ENCAMPMENT, DISTRICT_ENCAMPMENT, 40, 50, 0, -2, 0, 19
287, 2, 14, 1:1, 4063243:917511, UNIT_BIPLANE, UNIT_CROSSBOWMAN, 75, 30, 5, 0, 0, 100
288, 0, 1, 1:3, 4063240:589832, UNIT_KNIGHT, UNKNOWN, 50, 35, -2, 13, 34, 3
288, 1, 0, 3:1, 589832:4128775, DISTRICT_CITY_CENTER, DISTRICT_CITY_CENTER, 40, 50, -1, 1, 0, 21
288, 1, 0, 3:1, 1179665:4128775, DISTRICT_ENCAMPMENT, DISTRICT_ENCAMPMENT, 40, 50, 0, -1, 0, 18
288, 63, 7, 1:1, 16449595:1310722, UNIT_TREBUCHET, UNIT_BOMBARD, 45, 35, -27, 0, 0, 12
288, 63, 7, 1:1, 17498162:1310722, UNIT_CROSSBOWMAN, UNIT_BOMBARD, 40, 35, 0, -1, 0, 41
288, 63, 7, 1:1, 17235987:1310722, UNIT_CROSSBOWMAN, UNIT_BOMBARD, 40, 35, -3, -5, 0, 44
289, 0, 1, 1:3, 4259850:589832, UNIT_KNIGHT, UNKNOWN, 50, 35, 0, 11, 26, 4
289, 1, 0, 3:1, 589832:4063240, DISTRICT_CITY_CENTER, DISTRICT_CITY_CENTER, 40, 50, -1, 2, 0, 20
289, 1, 0, 3:1, 1179665:4390923, DISTRICT_ENCAMPMENT, DISTRICT_ENCAMPMENT, 40, 50, 0, 3, 0, 18
290, 0, 1, 1:3, 4325379:589832, UNIT_MUSKETMAN, UNKNOWN, 55, 35, 4, 11, 17, 6
290, 1, 0, 3:1, 589832:4063240, DISTRICT_CITY_CENTER, DISTRICT_CITY_CENTER, 40, 50, -1, 4, 0, 17
290, 1, 0, 3:1, 1179665:4390923, DISTRICT_ENCAMPMENT, DISTRICT_ENCAMPMENT, 40, 50, 0, 5, 0, 13
290, 63, 13, 1:1, 16842824:1245185, UNIT_MUSKETMAN, UNIT_BOMBARD, 55, 45, -9, 0, 28, 27
291, 0, 1, 1:3, 4325379:589832, UNIT_MUSKETMAN, UNKNOWN, 55, 35, 2, 11, 22, 6
291, 1, 0, 3:1, 589832:4325379, DISTRICT_CITY_CENTER, DISTRICT_CITY_CENTER, 40, 55, -1, 0, 0, 12
291, 1, 0, 3:1, 1179665:4390923, DISTRICT_ENCAMPMENT, DISTRICT_ENCAMPMENT, 40, 50, 0, 5, 0, 16
292, 0, 1, 1:3, 4259850:589832, UNIT_KNIGHT, UNKNOWN, 50, 35, -3, 11, 31, 4
292, 0, 1, 1:3, 4325379:589832, UNIT_MUSKETMAN, UNKNOWN, 55, 35, -1, 11, 25, 7
292, 1, 0, 3:1, 589832:4325379, DISTRICT_CITY_CENTER, DISTRICT_CITY_CENTER, 40, 55, -2, -4, 0, 15
292, 1, 0, 3:1, 1179665:4390923, DISTRICT_ENCAMPMENT, DISTRICT_ENCAMPMENT, 40, 50, 0, 4, 0, 17
292, 4, 3, 1:1, 4521998:4587526, UNIT_INQUISITOR, UNIT_MISSIONARY, 75, 100, 40, 0, 18, 61
292, 7, 63, 1:1, 1179648:17498162, UNIT_MUSKETMAN, UNIT_CROSSBOWMAN, 55, 30, 7, 12, 12, 57
292, 63, 7, 1:1, 17498162:1310722, UNIT_CROSSBOWMAN, UNIT_BOMBARD, 40, 35, -6, -10, 0, 36
293, 0, 1, 1:3, 4259850:589832, UNIT_KNIGHT, UNKNOWN, 50, 35, -6, 11, 36, 5
293, 0, 1, 1:3, 4521991:589832, UNIT_KNIGHT, UNKNOWN, 50, 35, 0, 11, 30, 7
293, 1, 0, 3:1, 589832:4259850, DISTRICT_CITY_CENTER, DISTRICT_CITY_CENTER, 40, 50, -2, 0, 0, 17
293, 1, 0, 3:1, 1179665:4521991, DISTRICT_ENCAMPMENT, DISTRICT_ENCAMPMENT, 40, 50, 0, -3, 0, 20
293, 4, 1, 1:1, 4390923:4587529, UNIT_INQUISITOR, UNIT_MISSIONARY, 75, 100, 42, 0, 16, 56
293, 63, 13, 1:1, 17432628:1245185, UNIT_MUSKETMAN, UNIT_BOMBARD, 55, 45, -4, 3, 25, 38
294, 0, 1, 1:3, 4784140:589832, UNIT_SCOUT, UNKNOWN, 10, 35, 0, 10, 100, 2
294, 0, 1, 1:3, 4325379:589832, UNIT_MUSKETMAN, UNKNOWN, 55, 35, 2, 10, 20, 10
294, 1, 0, 3:1, 589832:4521991, DISTRICT_CITY_CENTER, DISTRICT_CITY_CENTER, 40, 50, -2, -2, 0, 17
294, 1, 0, 3:1, 1179665:4390923, DISTRICT_ENCAMPMENT, DISTRICT_ENCAMPMENT, 40, 50, 0, 13, 0, 13
294, 63, 13, 1:1, 17432628:1245185, UNIT_MUSKETMAN, UNIT_BOMBARD, 55, 45, -7, -3, 20, 39
295, 0, 1, 1:3, 4063240:589832, UNIT_KNIGHT, UNKNOWN, 50, 35, -3, 11, 29, 6
295, 0, 1, 1:3, 4390923:589832, UNIT_KNIGHT, UNKNOWN, 50, 35, 0, 11, 22, 10
295, 0, 1, 1:3, 4325379:589832, UNIT_MUSKETMAN, UNKNOWN, 55, 35, 0, 10, 16, 10
295, 0, 1, 1:3, 4521991:589832, UNIT_KNIGHT, UNKNOWN, 50, 35, -7, 10, 29, 7
295, 1, 0, 3:1, 589832:4521991, DISTRICT_CITY_CENTER, DISTRICT_CITY_CENTER, 40, 50, -3, -7, 0, 23
295, 1, 0, 3:1, 1179665:4063240, DISTRICT_ENCAMPMENT, DISTRICT_ENCAMPMENT, 40, 50, 0, 1, 0, 21
296, 1, 0, 3:1, 589832:4325379, DISTRICT_CITY_CENTER, DISTRICT_CITY_CENTER, 40, 55, -3, 11, 0, 10
296, 1, 0, 3:1, 1179665:4063240, DISTRICT_ENCAMPMENT, DISTRICT_ENCAMPMENT, 40, 50, 0, 4, 0, 16
297, 0, 1, 1:3, 4718598:589832, UNIT_MUSKETMAN, UNKNOWN, 55, 40, 4, 10, 21, 9
297, 1, 0, 3:1, 589832:4325379, DISTRICT_CITY_CENTER, DISTRICT_CITY_CENTER, 40, 55, -3, 7, 0, 12
297, 1, 0, 3:1, 1179665:4325379, DISTRICT_ENCAMPMENT, DISTRICT_ENCAMPMENT, 40, 55, 0, 6, 0, 14
297, 1, 63, 3:1, 1245202:8323077, DISTRICT_CITY_CENTER, DISTRICT_CITY_CENTER, 40, 15, 0, -5, 0, 100
297, 1, 63, 3:1, 1769493:17956873, DISTRICT_CITY_CENTER, DISTRICT_CITY_CENTER, 40, 55, 0, 3, 0, 16
298, 0, 1, 1:3, 4718598:589832, UNIT_MUSKETMAN, UNKNOWN, 55, 40, 2, 10, 23, 11
298, 1, 0, 3:1, 1179665:4325379, DISTRICT_ENCAMPMENT, DISTRICT_ENCAMPMENT, 40, 55, 0, 10, 0, 12
298, 4, 3, 1:1, 4456461:4587526, UNIT_INQUISITOR, UNIT_MISSIONARY, 75, 100, 44, -7, 11, 90
298, 5, 63, 1:1, 2555908:18153526, UNIT_CHINESE_CROUCHING_TIGER, UNIT_MUSKETMAN, 50, 55, 0, 3, 0, 25
298, 63, 5, 1:1, 18153526:2555908, UNIT_MUSKETMAN, UNIT_CHINESE_CROUCHING_TIGER, 55, 30, -2, 3, 11, 66
299, 0, 1, 1:3, 4718598:589832, UNIT_MUSKETMAN, UNKNOWN, 55, 40, 0, 9, 21, 12
299, 0, 1, 1:3, 4390923:589832, UNIT_KNIGHT, UNKNOWN, 50, 40, 0, 9, 31, 8
299, 1, 0, 3:1, 589832:4718598, DISTRICT_CITY_CENTER, DISTRICT_CITY_CENTER, 40, 55, -3, -2, 0, 13
299, 1, 0, 3:1, 1179665:4325379, DISTRICT_ENCAMPMENT, DISTRICT_ENCAMPMENT, 40, 55, 0, 9, 0, 13
299, 1, 3, 1:1, 3538944:3473418, UNIT_APOSTLE, UNIT_GURU, 110, 90, -3, 7, 22, 49
300, 0, 1, 1:3, 4390923:589832, UNIT_KNIGHT, UNKNOWN, 50, 40, -3, 8, 29, 8
300, 0, 1, 1:3, 4718598:589832, UNIT_MUSKETMAN, UNKNOWN, 55, 40, -4, 8, 24, 12
300, 0, 1, 1:3, 4325379:589832, UNIT_MUSKETMAN, UNKNOWN, 55, 40, -3, 7, 28, 12
300, 1, 63, 3:1, 65536:18677816, DISTRICT_CITY_CENTER, DISTRICT_CITY_CENTER, 40, 45, 0, 0, 0, 24
300, 1, 63, 3:1, 1376276:18677816, DISTRICT_ENCAMPMENT, DISTRICT_ENCAMPMENT, 40, 45, 0, -2, 0, 26
300, 1, 0, 3:1, 589832:4325379, DISTRICT_CITY_CENTER, DISTRICT_CITY_CENTER, 40, 55, -3, 4, 0, 12
300, 1, 0, 3:1, 1179665:4390923, DISTRICT_ENCAMPMENT, DISTRICT_ENCAMPMENT, 40, 50, 0, 1, 0, 20
300, 1, 3, 1:1, 3538944:3473418, UNIT_APOSTLE, UNIT_GURU, 110, 90, -5, 9, 20, 44
301, 1, 63, 3:1, 65536:18612255, DISTRICT_CITY_CENTER, DISTRICT_CITY_CENTER, 40, 45, 0, 0, 0, 23
301, 1, 63, 3:1, 1376276:18677816, DISTRICT_ENCAMPMENT, DISTRICT_ENCAMPMENT, 40, 45, 0, -2, 0, 23
301, 1, 63, 3:1, 196610:18677816, DISTRICT_CITY_CENTER, DISTRICT_CITY_CENTER, 40, 45, 0, -4, 0, 24
301, 1, 3, 1:1, 3538944:3473418, UNIT_APOSTLE, UNIT_GURU, 110, 90, -7, 11, 22, 34
301, 4, 1, 1:1, 4259852:4063240, UNIT_APOSTLE, UNIT_MISSIONARY, 110, 100, 5, 0, 19, 57
302, 1, 63, 3:1, 65536:18677816, DISTRICT_CITY_CENTER, DISTRICT_CITY_CENTER, 40, 45, 0, -10, 0, 32
302, 1, 0, 3:1, 589832:4390923, DISTRICT_CITY_CENTER, DISTRICT_CITY_CENTER, 40, 50, -3, 6, 0, 13
302, 1, 0, 3:1, 1179665:4390923, DISTRICT_ENCAMPMENT, DISTRICT_ENCAMPMENT, 40, 50, 0, 5, 0, 15
302, 1, 3, 1:1, 3538944:3473418, UNIT_APOSTLE, UNIT_GURU, 110, 90, -9, 9, 32, 26
302, 3, 63, 3:1, 65536:18153526, DISTRICT_CITY_CENTER, DISTRICT_CITY_CENTER, 25, 55, 0, -4, 0, 10
303, 1, 63, 3:1, 65536:18612255, DISTRICT_CITY_CENTER, DISTRICT_CITY_CENTER, 40, 45, 0, -2, 0, 29
303, 4, 3, 1:1, 4784144:4390926, UNIT_INQUISITOR, UNIT_MISSIONARY, 75, 100, 40, 0, 18, 43
304, 1, 63, 3:1, 65536:18612255, DISTRICT_CITY_CENTER, DISTRICT_CITY_CENTER, 40, 45, 0, -2, 0, 29
304, 1, 63, 3:1, 1769493:18546693, DISTRICT_CITY_CENTER, DISTRICT_CITY_CENTER, 40, 55, 0, -2, 0, 14
304, 2, 63, 3:1, 2031645:16449595, DISTRICT_CITY_CENTER, DISTRICT_CITY_CENTER, 15, 35, 0, -7, 0, 14
304, 3, 63, 3:1, 65536:18153526, DISTRICT_CITY_CENTER, DISTRICT_CITY_CENTER, 25, 55, 0, -5, 0, 10
304, 4, 3, 1:1, 4521998:4390926, UNIT_INQUISITOR, UNIT_MISSIONARY, 75, 100, 42, -5, 10, 76
305, 0, 63, 3:1, 655368:18415619, DISTRICT_CITY_CENTER, DISTRICT_CITY_CENTER, 30, 45, 5, 3, 0, 14
305, 1, 63, 3:1, 65536:18612255, DISTRICT_CITY_CENTER, DISTRICT_CITY_CENTER, 40, 45, 0, -8, 0, 29
305, 2, 63, 1:1, 4521992:17498162, UNIT_BIPLANE, UNIT_CROSSBOWMAN, 75, 30, 5, -3, 0, 100
305, 3, 63, 3:1, 65536:17956873, DISTRICT_CITY_CENTER, DISTRICT_CITY_CENTER, 25, 55, 0, -2, 0, 8
306, 0, 63, 3:1, 655368:18415619, DISTRICT_CITY_CENTER, DISTRICT_CITY_CENTER, 30, 45, 5, 3, 0, 18
306, 1, 63, 3:1, 1769493:17956873, DISTRICT_CITY_CENTER, DISTRICT_CITY_CENTER, 40, 55, 0, -2, 0, 21
306, 2, 63, 1:1, 4521992:18022404, UNIT_BIPLANE, UNIT_MUSKETMAN, 75, 55, 5, 1, 0, 62
306, 3, 63, 3:1, 65536:18546693, DISTRICT_CITY_CENTER, DISTRICT_CITY_CENTER, 25, 55, 0, -1, 0, 11
306, 4, 3, 1:1, 4259852:5570563, UNIT_APOSTLE, UNIT_APOSTLE, 110, 110, 3, 25, 77, 11
306, 5, 63, 1:1, 2359301:18153526, UNIT_CHINESE_CROUCHING_TIGER, UNIT_MUSKETMAN, 50, 55, 0, -3, 0, 29
306, 63, 5, 1:1, 18153526:2359301, UNIT_MUSKETMAN, UNIT_CHINESE_CROUCHING_TIGER, 55, 30, -8, 3, 19, 59
307, 0, 63, 1:1, 4980739:18415619, UNIT_BOMBARD, UNIT_PIKEMAN, 55, 45, -12, -2, 0, 33
307, 2, 63, 1:1, 4521992:18022404, UNIT_BIPLANE, UNIT_MUSKETMAN, 75, 55, 5, -5, 0, 82
307, 3, 63, 3:1, 65536:18546693, DISTRICT_CITY_CENTER, DISTRICT_CITY_CENTER, 25, 55, 0, -2, 0, 8
307, 4, 1, 1:1, 4456461:4587529, UNIT_INQUISITOR, UNIT_MISSIONARY, 75, 100, 44, -6, 10, 81
308, 0, 63, 1:1, 4980739:18415619, UNIT_BOMBARD, UNIT_PIKEMAN, 55, 45, -12, -5, 0, 30
308, 0, 63, 1:1, 4063240:18415619, UNIT_KNIGHT, UNIT_PIKEMAN, 50, 45, 5, 2, 20, 36
308, 1, 63, 3:1, 1769493:17432628, DISTRICT_CITY_CENTER, DISTRICT_CITY_CENTER, 40, 55, 0, -9, 0, 25
308, 2, 63, 1:1, 4521992:18219074, UNIT_BIPLANE, UNIT_MUSKETMAN, 75, 55, 5, 12, 0, 47
308, 4, 3, 1:1, 4259852:5570563, UNIT_APOSTLE, UNIT_APOSTLE, 110, 110, -5, 27, 100, 10
310, 2, 63, 1:1, 4521992:18219074, UNIT_BIPLANE, UNIT_MUSKETMAN, 75, 55, 5, 7, 0, 70
310, 2, 3, 1:1, 3670019:5308429, UNIT_INQUISITOR, UNIT_APOSTLE, 75, 110, 44, 0, 23, 45
310, 3, 2, 1:1, 5308429:5177344, UNIT_APOSTLE, UNIT_MISSIONARY, 110, 100, -5, 17, 45, 15
311, 2, 63, 1:1, 4521992:18743367, UNIT_BIPLANE, UNIT_FIELD_CANNON, 75, 50, 5, 0, 0, 90
311, 3, 63, 3:1, 65536:17956873, DISTRICT_CITY_CENTER, DISTRICT_CITY_CENTER, 25, 55, 0, -4, 0, 9
311, 3, 2, 1:1, 5308429:5046276, UNIT_APOSTLE, UNIT_INQUISITOR, 110, 75, -9, 59, 100, 7
311, 63, 0, 1:1, 18350125:4063240, UNIT_PIKEMAN, UNIT_KNIGHT, 45, 50, 12, 5, 31, 37
312, 0, 63, 1:1, 4980739:18350125, UNIT_BOMBARD, UNIT_PIKEMAN, 55, 45, -12, -5, 0, 27
312, 0, 63, 1:1, 5046277:18350125, UNIT_HORSEMAN, UNIT_PIKEMAN, 36, 45, 9, 4, 33, 27
312, 0, 63, 1:1, 4063240:18350125, UNIT_KNIGHT, UNIT_PIKEMAN, 50, 45, 5, 2, 18, 38
312, 3, 63, 3:1, 65536:17956873, DISTRICT_CITY_CENTER, DISTRICT_CITY_CENTER, 25, 55, 0, -5, 0, 12
312, 5, 63, 3:1, 1572887:7798828, DISTRICT_CITY_CENTER, DISTRICT_CITY_CENTER, 50, 10, 0, -8, 0, 100
312, 63, 0, 1:1, 18481167:5046277, UNIT_FIELD_CANNON, UNIT_HORSEMAN, 60, 36, 0, 2, 0, 81
312, 63, 0, 1:1, 18284616:4390923, UNIT_PIKEMAN, UNIT_KNIGHT, 45, 50, 10, 5, 30, 25
313, 0, 63, 1:1, 4980739:18481167, UNIT_BOMBARD, UNIT_FIELD_CANNON, 55, 50, -12, 0, 0, 26
313, 0, 63, 1:1, 4063240:18481167, UNIT_KNIGHT, UNIT_FIELD_CANNON, 50, 50, 0, -3, 32, 28
313, 0, 63, 1:1, 4390923:18284616, UNIT_KNIGHT, UNIT_PIKEMAN, 50, 45, 3, 10, 35, 30
313, 2, 63, 1:1, 4521992:18743367, UNIT_BIPLANE, UNIT_FIELD_CANNON, 75, 50, 5, -9, 0, 100
313, 3, 63, 3:1, 65536:17956873, DISTRICT_CITY_CENTER, DISTRICT_CITY_CENTER, 25, 55, 0, -7, 0, 11
313, 4, 1, 1:1, 4784144:4915213, UNIT_INQUISITOR, UNIT_MISSIONARY, 75, 100, 40, 0, 14, 50
313, 5, 63, 3:1, 1572887:720906, DISTRICT_CITY_CENTER, DISTRICT_CITY_CENTER, 50, 25, 0, 0, 0, 72
313, 63, 0, 1:1, 18284616:4390923, UNIT_PIKEMAN, UNIT_KNIGHT, 45, 50, 4, -1, 35, 28
314, 0, 63, 1:1, 4063240:18481167, UNIT_KNIGHT, UNIT_FIELD_CANNON, 50, 50, -4, -5, 30, 35
314, 1, 63, 3:1, 1245202:16318533, DISTRICT_CITY_CENTER, DISTRICT_CITY_CENTER, 40, 55, 0, -8, 0, 20
314, 5, 63, 3:1, 1572887:720906, DISTRICT_CITY_CENTER, DISTRICT_CITY_CENTER, 50, 25, 0, -4, 0, 100
314, 7, 63, 3:1, 65536:17235987, DISTRICT_CITY_CENTER, DISTRICT_CITY_CENTER, 40, 30, 0, 3, 0, 41
314, 7, 63, 1:1, 1376259:17235987, UNIT_BOMBARD, UNIT_CROSSBOWMAN, 55, 30, -10, -1, 0, 46
314, 63, 0, 1:1, 18481167:4390923, UNIT_FIELD_CANNON, UNIT_KNIGHT, 60, 50, -9, 3, 0, 28
315, 0, 63, 1:1, 4980739:18481167, UNIT_BOMBARD, UNIT_FIELD_CANNON, 55, 50, -5, -9, 0, 39
315, 3, 63, 3:1, 65536:17956873, DISTRICT_CITY_CENTER, DISTRICT_CITY_CENTER, 25, 55, 0, -8, 0, 11
315, 5, 63, 3:1, 1572887:18546693, DISTRICT_CITY_CENTER, DISTRICT_CITY_CENTER, 50, 55, 0, -3, 0, 28
316, 5, 63, 3:1, 1572887:17956873, DISTRICT_CITY_CENTER, DISTRICT_CITY_CENTER, 50, 55, 0, -9, 0, 28
318, 0, 63, 1:1, 4980739:18284616, UNIT_BOMBARD, UNIT_PIKEMAN, 55, 45, -5, -6, 0, 50
318, 3, 2, 1:1, 5570563:5308425, UNIT_APOSTLE, UNIT_MISSIONARY, 110, 100, 20, 0, 7, 77
318, 63, 5, 1:1, 18546693:2359301, UNIT_MUSKETMAN, UNIT_CHINESE_CROUCHING_TIGER, 55, 30, -6, 0, 16, 61
319, 3, 2, 1:1, 5570563:5308425, UNIT_APOSTLE, UNIT_MISSIONARY, 110, 100, 19, -8, 7, 100
319, 5, 63, 3:1, 1572887:18546693, DISTRICT_CITY_CENTER, DISTRICT_CITY_CENTER, 50, 55, 0, -8, 0, 39
320, 5, 63, 3:1, 1572887:18939975, DISTRICT_CITY_CENTER, DISTRICT_CITY_CENTER, 50, 50, 0, 3, 0, 29
320, 63, 14, 1:1, 4325377:1114118, UNIT_ARCHER, UNIT_IRONCLAD, 25, 70, 0, -5, 0, 5
320, 63, 5, 1:1, 18939975:2359301, UNIT_FIELD_CANNON, UNIT_CHINESE_CROUCHING_TIGER, 60, 30, -3, -6, 0, 88
321, 3, 4, 1:1, 5963789:5505043, UNIT_INQUISITOR, UNIT_MISSIONARY, 75, 100, 35, 5, 28, 35
321, 5, 63, 3:1, 1572887:18939975, DISTRICT_CITY_CENTER, DISTRICT_CITY_CENTER, 50, 50, 0, 0, 0, 27
322, 5, 63, 3:1, 1572887:18939975, DISTRICT_CITY_CENTER, DISTRICT_CITY_CENTER, 50, 50, 0, -6, 0, 43
322, 63, 14, 1:1, 4325377:1114118, UNIT_ARCHER, UNIT_IRONCLAD, 25, 70, 0, -6, 0, 6
323, 0, 1, 1:3, 5111819:589832, UNIT_FIELD_CANNON, UNKNOWN, 60, 40, -17, 11, 0, 8
323, 1, 0, 3:1, 589832:4980739, DISTRICT_CITY_CENTER, DISTRICT_CITY_CENTER, 40, 45, -4, 3, 0, 16
323, 1, 63, 3:1, 1769493:18939975, DISTRICT_CITY_CENTER, DISTRICT_CITY_CENTER, 40, 50, 0, -10, 0, 30
323, 2, 63, 1:1, 4521992:19005509, UNIT_BIPLANE, UNIT_LINE_INFANTRY, 75, 65, 5, 0, 0, 47
323, 4, 1, 1:1, 4784144:5177358, UNIT_INQUISITOR, UNIT_MISSIONARY, 75, 100, 44, 0, 13, 50
323, 4, 1, 1:1, 4980742:5177358, UNIT_INQUISITOR, UNIT_MISSIONARY, 75, 100, 44, -5, 12, 72
323, 63, 14, 1:1, 4325377:1114118, UNIT_ARCHER, UNIT_IRONCLAD, 25, 70, 0, -1, 0, 5
324, 0, 1, 1:3, 5111819:589832, UNIT_FIELD_CANNON, UNKNOWN, 60, 40, -17, 11, 0, 9
324, 1, 0, 3:1, 589832:4980739, DISTRICT_CITY_CENTER, DISTRICT_CITY_CENTER, 40, 45, -4, 1, 0, 17
325, 0, 1, 1:3, 5111819:589832, UNIT_FIELD_CANNON, UNKNOWN, 60, 50, -17, 11, 0, 7
325, 1, 0, 3:1, 589832:4980739, DISTRICT_CITY_CENTER, DISTRICT_CITY_CENTER, 40, 45, -4, 0, 0, 22
325, 3, 4, 1:1, 5570563:4915203, UNIT_APOSTLE, UNIT_MISSIONARY, 110, 100, 22, 5, 11, 83
326, 0, 1, 1:3, 4980739:589832, UNIT_BOMBARD, UNKNOWN, 55, 50, -5, 11, 0, 7
326, 0, 1, 1:3, 5111819:589832, UNIT_FIELD_CANNON, UNKNOWN, 60, 50, -17, 11, 0, 7
326, 1, 0, 3:1, 589832:4980739, DISTRICT_CITY_CENTER, DISTRICT_CITY_CENTER, 40, 45, -5, -2, 0, 25
326, 4, 3, 1:1, 4456461:6029326, UNIT_INQUISITOR, UNIT_INQUISITOR, 75, 75, 5, 0, 24, 33
327, 0, 1, 1:3, 5111819:589832, UNIT_FIELD_CANNON, UNKNOWN, 60, 50, -17, 11, 0, 7
327, 1, 0, 3:1, 589832:4980739, DISTRICT_CITY_CENTER, DISTRICT_CITY_CENTER, 40, 45, -5, -5, 0, 20
327, 3, 4, 1:1, 6029326:4456461, UNIT_INQUISITOR, UNIT_INQUISITOR, 75, 75, -4, 2, 41, 25
327, 3, 4, 1:1, 5570563:5242888, UNIT_APOSTLE, UNIT_MISSIONARY, 110, 100, 24, 5, 10, 100
327, 4, 3, 1:1, 4456461:6029326, UNIT_INQUISITOR, UNIT_INQUISITOR, 75, 75, 0, -8, 18, 39
328, 0, 1, 1:3, 5242885:589832, UNIT_FIELD_CANNON, UNKNOWN, 60, 50, -17, 11, 0, 7
328, 0, 1, 1:3, 5111819:589832, UNIT_FIELD_CANNON, UNKNOWN, 60, 50, -17, 11, 0, 9
329, 0, 1, 1:3, 5242885:589832, UNIT_FIELD_CANNON, UNKNOWN, 60, 50, -17, 21, 0, 5
329, 0, 1, 1:3, 5111819:589832, UNIT_FIELD_CANNON, UNKNOWN, 60, 50, -17, 21, 0, 6
329, 1, 0, 1:1, 5308430:4587529, UNIT_ARTILLERY, UNIT_QUADRIREME, 80, 20, -17, 0, 0, 100
329, 4, 1, 1:1, 5832707:4915213, UNIT_INQUISITOR, UNIT_MISSIONARY, 75, 100, 40, 0, 14, 56
330, 0, 1, 1:3, 5111819:589832, UNIT_FIELD_CANNON, UNKNOWN, 60, 50, -17, 11, 0, 9
330, 0, 1, 1:3, 5242885:589832, UNIT_FIELD_CANNON, UNKNOWN, 60, 50, -17, 11, 0, 11
331, 0, 63, 3:1, 65536:5636132, DISTRICT_CITY_CENTER, DISTRICT_CITY_CENTER, 60, 20, 0, 0, 0, 100
331, 2, 63, 1:1, 4521992:19005509, UNIT_BIPLANE, UNIT_LINE_INFANTRY, 75, 65, 5, -5, 0, 69
331, 3, 4, 1:1, 6619148:5636097, UNIT_INQUISITOR, UNIT_MISSIONARY, 75, 100, 35, 7, 25, 34
331, 63, 14, 1:1, 4325377:1114118, UNIT_ARCHER, UNIT_IRONCLAD, 25, 70, 0, -2, 0, 4
332, 0, 1, 1:3, 5242885:589832, UNIT_FIELD_CANNON, UNKNOWN, 60, 50, -17, 21, 0, 6
332, 0, 1, 1:3, 5111819:589832, UNIT_FIELD_CANNON, UNKNOWN, 60, 50, -17, 21, 0, 5
332, 3, 4, 1:1, 6619148:5636097, UNIT_INQUISITOR, UNIT_MISSIONARY, 75, 100, 32, 3, 24, 35
333, 0, 1, 1:3, 5111819:589832, UNIT_FIELD_CANNON, UNKNOWN, 60, 50, -17, 21, 0, 8
333, 0, 1, 1:3, 5242885:589832, UNIT_FIELD_CANNON, UNKNOWN, 60, 50, -17, 21, 0, 8
333, 3, 4, 1:1, 6619148:5570571, UNIT_INQUISITOR, UNIT_MISSIONARY, 75, 100, 34, 5, 22, 38
334, 0, 1, 1:3, 5242885:589832, UNIT_FIELD_CANNON, UNKNOWN, 60, 50, -17, 21, 0, 8
334, 0, 1, 1:3, 5111819:589832, UNIT_FIELD_CANNON, UNKNOWN, 60, 50, -17, 21, 0, 6
334, 4, 1, 1:1, 5963784:3932161, UNIT_INQUISITOR, UNIT_MISSIONARY, 75, 100, 40, 0, 18, 57
335, 0, 1, 1:3, 5111819:589832, UNIT_FIELD_CANNON, UNKNOWN, 60, 50, -17, 21, 0, 9
335, 0, 1, 1:3, 5242885:589832, UNIT_FIELD_CANNON, UNKNOWN, 60, 50, -17, 21, 0, 9
335, 1, 63, 3:1, 65536:19136581, DISTRICT_CITY_CENTER, DISTRICT_CITY_CENTER, 40, 45, 0, 0, 0, 28
335, 1, 63, 3:1, 1376276:19202084, DISTRICT_ENCAMPMENT, DISTRICT_ENCAMPMENT, 40, 45, 0, 0, 0, 21
336, 0, 1, 1:3, 5242885:589832, UNIT_FIELD_CANNON, UNKNOWN, 60, 50, -17, 21, 0, 9
336, 0, 1, 1:3, 5111819:589832, UNIT_FIELD_CANNON, UNKNOWN, 60, 50, -17, 21, 0, 7
336, 1, 63, 3:1, 65536:19136581, DISTRICT_CITY_CENTER, DISTRICT_CITY_CENTER, 40, 45, 0, 0, 0, 26
337, 0, 1, 1:3, 5111819:589832, UNIT_FIELD_CANNON, UNKNOWN, 60, 50, -17, 11, 0, 11
337, 1, 63, 3:1, 65536:19136581, DISTRICT_CITY_CENTER, DISTRICT_CITY_CENTER, 40, 45, 0, -2, 0, 25
337, 3, 4, 1:1, 5898242:6094867, UNIT_INQUISITOR, UNIT_MISSIONARY, 75, 100, 37, 5, 20, 37
337, 3, 4, 1:1, 6291464:6094867, UNIT_INQUISITOR, UNIT_MISSIONARY, 75, 100, 37, 1, 19, 42
338, 0, 1, 1:3, 5242885:589832, UNIT_FIELD_CANNON, UNKNOWN, 60, 55, -10, 21, 0, 9
338, 1, 63, 3:1, 65536:19136581, DISTRICT_CITY_CENTER, DISTRICT_CITY_CENTER, 40, 45, 0, -5, 0, 35
338, 1, 63, 3:1, 1376276:19202084, DISTRICT_ENCAMPMENT, DISTRICT_ENCAMPMENT, 40, 45, 0, -2, 0, 27
338, 3, 4, 1:1, 6291464:6094867, UNIT_INQUISITOR, UNIT_MISSIONARY, 75, 100, 37, 3, 21, 38
338, 3, 4, 1:1, 6619148:6094867, UNIT_INQUISITOR, UNIT_MISSIONARY, 75, 100, 37, -1, 15, 43
339, 0, 1, 1:3, 5111819:589832, UNIT_FIELD_CANNON, UNKNOWN, 60, 55, -10, 21, 0, 7
339, 0, 1, 1:3, 5242885:589832, UNIT_FIELD_CANNON, UNKNOWN, 60, 55, -10, 21, 0, 8
339, 1, 63, 3:1, 65536:19202084, DISTRICT_CITY_CENTER, DISTRICT_CITY_CENTER, 40, 45, 0, -5, 0, 26
339, 11, 63, 1:1, 1310721:8454150, UNIT_IRONCLAD, UNIT_GALLEY, 70, 30, -4, 0, 6, 100
340, 0, 1, 1:3, 5308425:589832, UNIT_FIELD_CANNON, UNKNOWN, 60, 55, -17, 21, 0, 8
340, 0, 1, 1:3, 5111819:589832, UNIT_FIELD_CANNON, UNKNOWN, 60, 55, -10, 21, 0, 8
340, 0, 1, 1:3, 5242885:589832, UNIT_FIELD_CANNON, UNKNOWN, 60, 55, -10, 20, 0, 10
340, 1, 63, 3:1, 65536:19202084, DISTRICT_CITY_CENTER, DISTRICT_CITY_CENTER, 40, 45, 0, -4, 0, 27
340, 1, 63, 3:1, 1245202:4325377, DISTRICT_CITY_CENTER, DISTRICT_CITY_CENTER, 40, 15, 0, 0, 0, 77
341, 0, 1, 1:3, 5308425:589832, UNIT_FIELD_CANNON, UNKNOWN, 60, 55, -17, 21, 0, 6
341, 0, 1, 1:3, 5242885:589832, UNIT_FIELD_CANNON, UNKNOWN, 60, 55, -10, 20, 0, 9
341, 0, 1, 1:3, 5111819:589832, UNIT_FIELD_CANNON, UNKNOWN, 60, 55, -10, 20, 0, 10
342, 0, 1, 1:3, 5308425:589832, UNIT_FIELD_CANNON, UNKNOWN, 60, 55, -17, 21, 0, 6
342, 0, 1, 1:3, 5111819:589832, UNIT_FIELD_CANNON, UNKNOWN, 60, 55, -10, 20, 0, 10
342, 0, 1, 1:3, 5242885:589832, UNIT_FIELD_CANNON, UNKNOWN, 60, 55, -10, 20, 0, 8
342, 3, 4, 1:1, 6291464:6225933, UNIT_INQUISITOR, UNIT_MISSIONARY, 75, 100, 34, 7, 28, 39
342, 3, 4, 1:1, 6619148:6225933, UNIT_INQUISITOR, UNIT_MISSIONARY, 75, 100, 35, 3, 18, 33
343, 0, 1, 1:3, 5242885:589832, UNIT_FIELD_CANNON, UNKNOWN, 60, 55, -10, 20, 0, 11
343, 0, 1, 1:3, 5111819:589832, UNIT_FIELD_CANNON, UNKNOWN, 60, 55, -10, 20, 0, 11
343, 3, 4, 1:1, 6750211:6225933, UNIT_INQUISITOR, UNIT_MISSIONARY, 75, 100, 4, 1, 80, 13
343, 3, 4, 1:1, 5963789:6225933, UNIT_INQUISITOR, UNIT_MISSIONARY, 75, 100, 4, 0, 81, 10
343, 3, 4, 1:1, 6291464:6225933, UNIT_INQUISITOR, UNIT_MISSIONARY, 75, 100, -1, -1, 76, 10
344, 0, 1, 1:3, 5308425:589832, UNIT_FIELD_CANNON, UNKNOWN, 60, 55, -17, 10, 0, 11
344, 0, 1, 1:3, 5111819:589832, UNIT_FIELD_CANNON, UNKNOWN, 60, 55, -10, 10, 0, 15
344, 0, 1, 1:3, 5242885:589832, UNIT_FIELD_CANNON, UNKNOWN, 60, 55, -10, 9, 0, 14
344, 1, 0, 3:1, 589832:5242885, DISTRICT_CITY_CENTER, DISTRICT_CITY_CENTER, 40, 50, -10, 0, 0, 15
344, 3, 4, 1:1, 6684672:6160394, UNIT_INQUISITOR, UNIT_MISSIONARY, 75, 100, 35, 5, 21, 33
344, 3, 4, 1:1, 6750211:4587535, UNIT_INQUISITOR, UNIT_GURU, 75, 90, 27, 5, 23, 41
345, 0, 1, 1:3, 5308425:589832, UNIT_FIELD_CANNON, UNKNOWN, 60, 55, -17, 9, 0, 13
345, 0, 1, 1:3, 5111819:589832, UNIT_FIELD_CANNON, UNKNOWN, 60, 55, -10, 9, 0, 18
345, 1, 63, 3:1, 1245202:4325377, DISTRICT_CITY_CENTER, DISTRICT_CITY_CENTER, 40, 15, 0, -8, 0, 100
345, 3, 4, 1:1, 5898242:4587535, UNIT_INQUISITOR, UNIT_GURU, 75, 90, 37, 5, 18, 64
346, 0, 1, 1:3, 5242885:589832, UNIT_FIELD_CANNON, UNKNOWN, 60, 55, -10, 0, 0, 23
346, 0, 1, 1:3, 5308425:589832, UNIT_FIELD_CANNON, UNKNOWN, 60, 55, -17, -1, 0, 20
346, 0, 1, 1:3, 5111819:589832, UNIT_FIELD_CANNON, UNKNOWN, 60, 55, -10, -2, 0, 28
346, 0, 1, 1:3, 5373958:589832, UNIT_FIELD_CANNON, UNKNOWN, 60, 55, -17, -4, 0, 25
347, 0, 1, 1:3, 5242885:589832, UNIT_FIELD_CANNON, UNKNOWN, 60, 55, -10, -4, 0, 28
347, 0, 1, 1:3, 5111819:589832, UNIT_FIELD_CANNON, UNKNOWN, 60, 55, -10, -6, 0, 32
347, 0, 1, 1:3, 5308425:589832, UNIT_FIELD_CANNON, UNKNOWN, 60, 55, -17, -7, 0, 27
347, 0, 1, 1:3, 5373958:589832, UNIT_FIELD_CANNON, UNKNOWN, 60, 55, -17, -8, 0, 21
347, 7, 63, 3:1, 65536:19071006, DISTRICT_CITY_CENTER, DISTRICT_CITY_CENTER, 60, 65, 0, 3, 0, 18
348, 0, 1, 1:3, 5242885:589832, UNIT_FIELD_CANNON, UNKNOWN, 60, 55, -10, -7, 0, 32
348, 0, 1, 1:3, 5308425:589832, UNIT_FIELD_CANNON, UNKNOWN, 60, 55, -17, -8, 0, 28
348, 0, 1, 1:3, 5373958:589832, UNIT_FIELD_CANNON, UNKNOWN, 60, 55, -17, -8, 0, 27
348, 7, 63, 3:1, 65536:19071006, DISTRICT_CITY_CENTER, DISTRICT_CITY_CENTER, 60, 65, 0, 1, 0, 20
348, 7, 63, 1:1, 1703936:19071006, UNIT_FIELD_CANNON, UNIT_LINE_INFANTRY, 60, 65, 0, -1, 0, 30
349, 0, 1, 1:3, 5111819:589832, UNIT_FIELD_CANNON, UNKNOWN, 60, 55, -10, -7, 0, 30
349, 0, 1, 1:3, 5439491:589832, UNIT_FIELD_CANNON, UNKNOWN, 60, 55, -17, -8, 0, 22
349, 0, 1, 1:3, 5242885:589832, UNIT_FIELD_CANNON, UNKNOWN, 60, 55, -10, -8, 0, 29
349, 0, 1, 1:3, 5308425:589832, UNIT_FIELD_CANNON, UNKNOWN, 60, 55, -17, -8, 0, 23
349, 1, 63, 3:1, 1179665:19595265, DISTRICT_ENCAMPMENT, DISTRICT_ENCAMPMENT, 40, 45, 0, 0, 0, 21
349, 7, 63, 1:1, 1376259:19071006, UNIT_BOMBARD, UNIT_LINE_INFANTRY, 55, 65, -10, -1, 0, 12
349, 7, 63, 1:1, 1703936:19071006, UNIT_FIELD_CANNON, UNIT_LINE_INFANTRY, 60, 65, 0, -2, 0, 21
350, 0, 1, 1:3, 5308425:1179665, UNIT_FIELD_CANNON, UNKNOWN, 60, 55, -17, 14, 0, 1
350, 0, 1, 1:3, 5111819:589832, UNIT_FIELD_CANNON, UNKNOWN, 60, 55, -10, -7, 0, 31
350, 0, 1, 1:3, 5439491:589832, UNIT_FIELD_CANNON, UNKNOWN, 60, 55, -17, -8, 0, 22
350, 0, 1, 1:3, 5373958:1179665, UNIT_FIELD_CANNON, UNKNOWN, 60, 55, -17, 14, 0, 1
350, 1, 63, 3:1, 1179665:19529793, DISTRICT_ENCAMPMENT, DISTRICT_ENCAMPMENT, 40, 45, 0, 3, 0, 17
350, 1, 63, 3:1, 1245202:19333180, DISTRICT_CITY_CENTER, DISTRICT_CITY_CENTER, 40, 65, 0, -2, 0, 10
350, 8, 63, 3:1, 65536:19595265, DISTRICT_CITY_CENTER, DISTRICT_CITY_CENTER, 70, 45, 0, 1, 0, 84
351, 0, 63, 1:1, 5308425:19529793, UNIT_FIELD_CANNON, UNIT_PIKEMAN, 60, 45, 0, 1, 0, 49
351, 0, 63, 1:1, 5373958:19529793, UNIT_FIELD_CANNON, UNIT_PIKEMAN, 60, 45, 0, -4, 0, 60
351, 0, 1, 1:3, 5242885:589832, UNIT_FIELD_CANNON, UNKNOWN, 60, 55, -10, -7, 0, 37
351, 0, 1, 1:3, 5570564:589832, UNIT_FIELD_CANNON, UNKNOWN, 60, 55, -17, -8, 0, 26
351, 0, 1, 1:3, 5111819:1179665, UNIT_FIELD_CANNON, UNKNOWN, 60, 55, -10, 14, 0, 1
351, 0, 1, 1:3, 5439491:1179665, UNIT_FIELD_CANNON, UNKNOWN, 60, 55, -17, 14, 0, 1
351, 1, 0, 3:1, 1179665:5111819, DISTRICT_ENCAMPMENT, DISTRICT_ENCAMPMENT, 40, 50, -1, 0, 0, 21
351, 1, 63, 3:1, 1245202:19333180, DISTRICT_CITY_CENTER, DISTRICT_CITY_CENTER, 40, 65, 0, -1, 0, 9
351, 7, 63, 1:1, 1376259:19464198, UNIT_BOMBARD, UNIT_LINE_INFANTRY, 55, 65, -10, 6, 0, 11
352, 0, 8, 1:1, 5308425:1638406, UNIT_FIELD_CANNON, UNIT_SUBMARINE, 60, 65, 0, 0, 0, 23
352, 1, 63, 3:1, 1245202:19333180, DISTRICT_CITY_CENTER, DISTRICT_CITY_CENTER, 40, 65, 0, -2, 0, 13
352, 7, 63, 1:1, 1376259:19464198, UNIT_BOMBARD, UNIT_LINE_INFANTRY, 55, 65, -10, 8, 0, 10
352, 8, 0, 3:1, 65536:5242885, DISTRICT_CITY_CENTER, DISTRICT_CITY_CENTER, 75, 50, 0, 3, 0, 76
353, 7, 63, 1:1, 1376259:19464198, UNIT_BOMBARD, UNIT_LINE_INFANTRY, 55, 65, -10, 7, 0, 12
353, 8, 0, 3:1, 65536:5308425, DISTRICT_CITY_CENTER, DISTRICT_CITY_CENTER, 75, 50, 0, 3, 0, 76
353, 63, 7, 1:1, 19398692:1900551, UNIT_IRONCLAD, UNIT_AT_CREW, 70, 55, 2, 4, 0, 42
